"BewohnerID","Bist du zufrieden mit Somerville?","Wie bewertest du: Die Verfügbarkeit von Informationen über die Dienste der Stadt?","Wie bewertest du: Die Lebenshaltungskosten?","Wie bewertest du: Die Qualität der öffentlichen Schulen?","Wie bewertest du: Dein Vertrauen in die lokale Polizei?","Wie bewertest du: Den Zustand von Straßen und Fußgängerwegen","Wie bewertest du: Die Verfügbarkeit von Events in der Stadt","Geschlecht","Alter","Beschreibe deinen Besitzstatus für deine Behausung","Wie sicher fühlst du dich beim Überqueren einer Straße in Somerville?","Wie zufrieden bist du mit dem Zustand deiner Behausung?","Geschlecht_weiblich","Eigenheim_numerisch","Alter_numerisch","Zufriedenheit_string"
9446,"1",5,5,5,5,5,5,"Männlich","65-74","Ich besitze",10,10,0,1,70,"Zufrieden"
9447,"1",5,1,3,4,4,5,"Weiblich","55-64","Ich miete",8,9,1,0,60,"Zufrieden"
9448,"0",4,1,3,5,4,4,"Männlich","65-74","Ich miete",6,6,0,0,70,"Unzufrieden"
9449,"1",3,1,4,2,2,4,"Weiblich","25-34","Ich miete",3,3,1,0,30,"Zufrieden"
9450,"0",5,1,3,2,2,1,"Weiblich","35-44","Ich miete",8,8,1,0,40,"Unzufrieden"
9451,"0",4,2,2,4,3,4,"Männlich","55-64","Ich besitze",9,7,0,1,60,"Unzufrieden"
9452,"1",5,2,3,5,4,4,"Männlich","35-44","Ich miete",10,5,0,0,40,"Zufrieden"
9453,"1",4,3,3,3,2,3,"Weiblich","25-34","Ich besitze",9,8,1,1,30,"Zufrieden"
9454,"0",4,1,3,1,1,1,"Männlich","25-34","Ich miete",1,9,0,0,30,"Unzufrieden"
9455,"0",3,1,3,5,4,3,"Weiblich","25-34","Ich miete",10,8,1,0,30,"Unzufrieden"
9456,"0",5,5,3,5,3,4,"Männlich","65-74","Ich besitze",10,10,0,1,70,"Unzufrieden"
9457,"1",3,1,3,1,3,3,"Weiblich","25-34","Ich miete",4,1,1,0,30,"Zufrieden"
9458,"1",4,5,4,5,5,4,"Männlich","35-44","Ich besitze",7,10,0,1,40,"Zufrieden"
9459,"1",3,2,4,4,4,4,"Weiblich","18-24","Ich miete",10,7,1,0,20,"Zufrieden"
9460,"0",3,3,3,4,3,3,"Männlich","18-24","Ich miete",9,7,0,0,20,"Unzufrieden"
9461,"0",3,2,3,5,3,4,"Weiblich","55-64","Ich besitze",4,10,1,1,60,"Unzufrieden"
9462,"1",5,3,5,5,5,5,"Männlich","65-74",,10,10,0,0,70,"Zufrieden"
9463,"1",4,3,4,4,3,4,"Männlich","35-44","Ich besitze",8,9,0,1,40,"Zufrieden"
9464,"1",4,4,4,4,4,4,"Männlich","75+","Ich besitze",7,8,0,1,80,"Zufrieden"
9465,"1",5,3,5,5,3,5,"Männlich",,"Ich miete",10,6,0,0,40,"Zufrieden"
9466,"1",3,3,4,4,2,3,"Männlich","55-64","Ich besitze",8,9,0,1,60,"Zufrieden"
9467,"0",3,3,1,1,2,5,,"35-44","Ich besitze",7,8,1,1,40,"Unzufrieden"
9468,"1",5,1,4,4,3,4,"Männlich","55-64","Ich besitze",7,10,0,1,60,"Zufrieden"
9469,"1",3,1,3,2,4,5,"Männlich","25-34","Ich miete",7,8,0,0,30,"Zufrieden"
9471,"1",5,3,5,5,5,5,"Weiblich","65-74","Ich besitze",10,10,1,1,70,"Zufrieden"
9472,"1",3,2,3,4,4,3,"Männlich","75+","Ich besitze",6,8,0,1,80,"Zufrieden"
9473,"0",5,3,4,5,4,5,"Männlich","65-74","Ich besitze",6,9,0,1,70,"Unzufrieden"
9474,"0",3,4,3,5,2,1,"Männlich",,"Ich besitze",9,7,0,1,40,"Unzufrieden"
9477,"1",5,4,4,5,5,4,"Männlich","25-34","Ich besitze",9,10,0,1,30,"Zufrieden"
9478,"0",5,2,5,5,3,3,"Weiblich","55-64","Ich miete",9,7,1,0,60,"Unzufrieden"
9480,"0",5,1,3,3,4,5,"Weiblich","75+","Ich besitze",8,10,1,1,80,"Unzufrieden"
9482,"1",5,1,3,2,3,5,"Weiblich","25-34","Ich miete",10,7,1,0,30,"Zufrieden"
9483,"0",3,2,3,3,1,3,"Männlich","18-24","Ich miete",5,3,0,0,20,"Unzufrieden"
9484,"1",3,3,3,5,3,3,"Weiblich","45-54","Ich besitze",10,9,1,1,50,"Zufrieden"
9486,"1",4,3,4,1,4,2,"Weiblich","25-34","Ich miete",4,5,1,0,30,"Zufrieden"
9487,"1",5,1,4,3,4,4,"Weiblich","75+","Ich besitze",5,10,1,1,80,"Zufrieden"
9488,"1",5,1,4,2,3,3,"Männlich","25-34","Ich miete",3,8,0,0,30,"Zufrieden"
9489,"0",4,2,3,3,2,4,"Weiblich","45-54","Ich miete",7,7,1,0,50,"Unzufrieden"
9490,"0",4,1,3,3,4,4,"Männlich","18-24","Ich miete",6,1,0,0,20,"Unzufrieden"
9491,"1",5,3,3,4,5,5,"Weiblich","35-44","Ich miete",8,10,1,0,40,"Zufrieden"
9492,"0",4,2,3,3,2,3,"Weiblich","25-34","Ich miete",7,7,1,0,30,"Unzufrieden"
9493,"0",3,2,2,5,3,2,"Männlich","65-74","Ich miete",7,6,0,0,70,"Unzufrieden"
9494,"1",3,2,3,3,4,4,"Weiblich","25-34","Ich miete",8,6,1,0,30,"Zufrieden"
9495,"1",5,4,3,5,4,4,"Männlich","65-74","Ich miete",6,10,0,0,70,"Zufrieden"
9496,"0",4,3,3,2,1,3,"Weiblich","25-34","Ich besitze",4,5,1,1,30,"Unzufrieden"
9497,"1",4,1,3,5,4,1,"Männlich","65-74","Ich besitze",9,9,0,1,70,"Zufrieden"
9498,"0",4,2,3,3,2,4,"Weiblich","35-44","Ich besitze",9,10,1,1,40,"Unzufrieden"
9499,"0",5,3,4,5,5,5,,"25-34",,10,10,1,0,30,"Unzufrieden"
9500,"1",4,2,3,3,2,4,"Weiblich","35-44","Ich besitze",6,10,1,1,40,"Zufrieden"
9501,"1",5,2,3,3,3,4,"Weiblich","65-74","Ich besitze",4,10,1,1,70,"Zufrieden"
9502,"1",4,3,3,3,2,3,"Weiblich","25-34","Ich besitze",8,10,1,1,30,"Zufrieden"
9503,"0",4,2,3,3,4,4,"Weiblich","25-34","Ich miete",7,9,1,0,30,"Unzufrieden"
9504,"1",2,1,3,3,1,4,"Männlich",,"Ich besitze",9,7,0,1,40,"Zufrieden"
9505,"0",3,1,4,5,2,3,"Männlich","55-64","Ich besitze",2,9,0,1,60,"Unzufrieden"
9506,"1",4,1,4,3,2,4,"Weiblich","45-54","Ich miete",7,6,1,0,50,"Zufrieden"
9507,"0",3,3,3,3,3,3,,,"Ich besitze",6,6,1,1,40,"Unzufrieden"
9508,"1",5,1,4,2,3,4,"Weiblich","25-34","Ich miete",9,8,1,0,30,"Zufrieden"
9509,"1",5,2,4,2,3,5,"Männlich","45-54","Ich besitze",9,7,0,1,50,"Zufrieden"
9510,"1",4,1,3,4,4,4,"Männlich","25-34","Ich miete",4,8,0,0,30,"Zufrieden"
9511,"1",4,3,4,4,3,2,"Männlich","75+","Ich besitze",10,10,0,1,80,"Zufrieden"
9512,"0",3,3,4,3,3,5,"Männlich","75+","Ich besitze",10,10,0,1,80,"Unzufrieden"
9513,"0",4,2,3,3,4,4,"Männlich","25-34","Ich miete",10,3,0,0,30,"Unzufrieden"
9514,"0",3,4,4,3,1,3,"Weiblich","55-64","Ich besitze",4,7,1,1,60,"Unzufrieden"
9515,"1",4,4,4,4,4,4,"Männlich","55-64","Ich miete",8,8,0,0,60,"Zufrieden"
9516,"0",3,2,3,3,1,3,"Weiblich","35-44","Ich miete",8,4,1,0,40,"Unzufrieden"
9517,"1",5,2,4,4,3,5,"Männlich","75+","Ich besitze",8,10,0,1,80,"Zufrieden"
9518,"1",4,3,3,4,2,3,"Männlich","65-74","Ich besitze",8,6,0,1,70,"Zufrieden"
9519,"0",5,2,1,5,4,1,"Weiblich","35-44","Ich besitze",5,10,1,1,40,"Unzufrieden"
9520,"0",5,1,4,3,2,2,"Weiblich","35-44","Ich besitze",1,9,1,1,40,"Unzufrieden"
9521,"0",1,1,1,5,2,3,"Männlich","35-44","Ich besitze",1,1,0,1,40,"Unzufrieden"
9522,"0",4,1,3,1,2,4,"Weiblich","25-34","Ich miete",2,9,1,0,30,"Unzufrieden"
9524,"0",5,3,3,3,2,4,"Männlich","55-64","Ich besitze",4,9,0,1,60,"Unzufrieden"
9525,"0",3,2,2,2,1,3,"Weiblich",,"Ich miete",1,8,1,0,40,"Unzufrieden"
9526,"0",3,2,4,4,2,4,"Männlich","45-54","Ich besitze",9,9,0,1,50,"Unzufrieden"
9527,"0",2,4,4,4,2,4,"Männlich","55-64","Ich besitze",3,9,0,1,60,"Unzufrieden"
9528,"1",5,4,3,5,4,4,"Weiblich","75+","Ich besitze",9,8,1,1,80,"Zufrieden"
9529,"1",5,1,3,1,3,3,"Weiblich","25-34","Ich miete",9,10,1,0,30,"Zufrieden"
9530,"0",3,2,3,1,2,3,"Weiblich","25-34","Ich miete",7,9,1,0,30,"Unzufrieden"
9531,"1",5,5,3,5,4,5,"Männlich","25-34","Ich miete",10,5,0,0,30,"Zufrieden"
9532,"1",5,4,3,3,4,5,"Weiblich","18-24","Ich miete",8,7,1,0,20,"Zufrieden"
9533,"0",4,4,3,5,2,3,"Männlich","35-44","Ich besitze",8,6,0,1,40,"Unzufrieden"
9534,"1",5,1,4,3,3,5,"Weiblich","25-34","Ich miete",8,5,1,0,30,"Zufrieden"
9535,"1",5,2,3,2,4,3,"Männlich","25-34","Ich miete",8,6,0,0,30,"Zufrieden"
9536,"1",5,3,3,4,4,4,"Weiblich","45-54","Ich besitze",8,9,1,1,50,"Zufrieden"
9537,"1",4,2,4,4,3,4,"Weiblich","35-44","Ich besitze",8,8,1,1,40,"Zufrieden"
9538,"0",4,3,3,4,4,3,"Weiblich","35-44","Ich miete",7,7,1,0,40,"Unzufrieden"
9539,"1",4,3,4,4,4,5,"Männlich","25-34","Ich miete",9,9,0,0,30,"Zufrieden"
9540,"1",4,2,4,4,4,4,"Männlich","35-44","Ich besitze",8,8,0,1,40,"Zufrieden"
9542,"0",4,1,3,4,4,5,"Männlich","45-54","Ich miete",7,9,0,0,50,"Unzufrieden"
9543,"0",3,1,3,3,3,2,"Weiblich","35-44","Ich miete",4,2,1,0,40,"Unzufrieden"
9544,"0",3,1,3,3,2,3,"Weiblich","45-54","Ich miete",2,9,1,0,50,"Unzufrieden"
9545,"0",2,2,2,4,3,1,"Weiblich","65-74","Ich besitze",2,4,1,1,70,"Unzufrieden"
9546,"0",4,1,3,3,3,5,"Weiblich","25-34","Ich miete",6,9,1,0,30,"Unzufrieden"
9547,"1",4,3,4,4,2,3,"Weiblich","65-74","Ich besitze",7,7,1,1,70,"Zufrieden"
9549,"0",1,3,2,5,1,1,"Weiblich","65-74","Ich miete",1,9,1,0,70,"Unzufrieden"
9550,"1",4,3,5,5,3,4,"Männlich","55-64","Ich besitze",7,10,0,1,60,"Zufrieden"
9551,"1",4,1,3,4,3,4,"Männlich","25-34","Ich besitze",8,10,0,1,30,"Zufrieden"
9552,"1",4,3,3,4,3,4,"Weiblich","45-54","Ich besitze",3,8,1,1,50,"Zufrieden"
9553,"1",5,3,3,5,5,4,"Weiblich","25-34","Ich miete",10,8,1,0,30,"Zufrieden"
9554,"0",5,2,3,3,2,3,"Weiblich","25-34","Ich miete",8,9,1,0,30,"Unzufrieden"
9555,"1",5,3,3,4,5,5,"Weiblich","55-64","Ich miete",8,10,1,0,60,"Zufrieden"
9557,"0",3,1,3,1,4,5,"Weiblich","25-34","Ich miete",6,4,1,0,30,"Unzufrieden"
9558,"1",5,2,4,3,3,5,"Männlich","35-44","Ich besitze",6,8,0,1,40,"Zufrieden"
9559,"1",5,5,5,5,5,4,"Weiblich","75+","Ich miete",10,10,1,0,80,"Zufrieden"
9560,"1",5,1,3,3,4,5,"Weiblich","25-34","Ich miete",6,6,1,0,30,"Zufrieden"
9561,"1",5,3,4,5,4,4,"Männlich","35-44","Ich besitze",8,10,0,1,40,"Zufrieden"
9562,"1",3,4,5,5,3,5,"Weiblich","25-34","Ich miete",4,9,1,0,30,"Zufrieden"
9563,"0",3,1,2,1,2,3,"Weiblich","65-74","Ich miete",1,6,1,0,70,"Unzufrieden"
9564,"1",5,2,4,4,4,4,"Männlich","25-34","Ich miete",7,8,0,0,30,"Zufrieden"
9565,"0",2,2,4,4,3,2,"Männlich","55-64","Ich besitze",8,3,0,1,60,"Unzufrieden"
9566,"0",4,1,1,5,3,1,"Männlich","65-74","Ich miete",6,9,0,0,70,"Unzufrieden"
9567,"0",2,2,3,4,3,2,"Weiblich","65-74","Ich besitze",8,5,1,1,70,"Unzufrieden"
9568,"0",4,3,3,3,2,3,"Weiblich","65-74","Ich besitze",6,9,1,1,70,"Unzufrieden"
9569,"0",4,1,3,3,3,3,"Weiblich","65-74","Ich besitze",1,8,1,1,70,"Unzufrieden"
9570,"1",5,5,5,5,5,5,"Weiblich","75+","Ich besitze",10,10,1,1,80,"Zufrieden"
9571,"1",5,2,3,4,2,4,"Weiblich","45-54","Ich besitze",9,8,1,1,50,"Zufrieden"
9572,"1",4,1,4,4,3,5,"Männlich","55-64","Ich miete",5,6,0,0,60,"Zufrieden"
9573,"1",3,2,3,1,4,3,"Weiblich","18-24","Ich miete",8,8,1,0,20,"Zufrieden"
9574,"0",3,1,3,3,2,1,"Weiblich","35-44","Ich besitze",1,6,1,1,40,"Unzufrieden"
9576,"0",3,1,3,3,2,3,"Weiblich","45-54","Ich miete",7,1,1,0,50,"Unzufrieden"
9577,"1",5,1,5,5,5,5,"Weiblich","35-44","Ich miete",9,5,1,0,40,"Zufrieden"
9578,"0",4,2,3,3,2,2,"Weiblich","35-44","Ich miete",8,6,1,0,40,"Unzufrieden"
9579,"0",4,2,3,2,4,4,"Weiblich","45-54","Ich miete",8,7,1,0,50,"Unzufrieden"
9580,"1",3,2,3,2,4,3,"Männlich","45-54","Ich besitze",6,10,0,1,50,"Zufrieden"
9581,"1",4,3,4,3,2,3,"Männlich","25-34","Ich besitze",4,7,0,1,30,"Zufrieden"
9582,"1",5,3,4,4,5,5,"Männlich","65-74","Ich besitze",10,10,0,1,70,"Zufrieden"
9583,"0",4,1,3,2,3,3,"Weiblich","35-44","Ich miete",1,3,1,0,40,"Unzufrieden"
9584,"1",4,3,3,3,4,2,"Männlich","25-34","Ich miete",8,9,0,0,30,"Zufrieden"
9585,"1",5,1,4,2,3,4,"Weiblich","35-44","Ich besitze",7,8,1,1,40,"Zufrieden"
9586,"1",4,1,3,3,4,5,"Männlich","35-44","Ich miete",8,8,0,0,40,"Zufrieden"
9587,"1",5,1,3,3,3,4,"Weiblich","55-64","Ich besitze",4,7,1,1,60,"Zufrieden"
9588,"1",5,3,3,3,4,5,,"35-44","Ich besitze",2,5,1,1,40,"Zufrieden"
9589,"0",5,1,3,3,4,4,"Männlich","25-34","Ich miete",6,4,0,0,30,"Unzufrieden"
9590,"1",3,5,3,4,5,5,"Männlich","25-34","Ich miete",10,8,0,0,30,"Zufrieden"
9591,"1",4,2,3,2,3,3,"Männlich","35-44","Ich miete",7,8,0,0,40,"Zufrieden"
9592,"0",2,1,4,3,1,2,"Weiblich","55-64","Ich besitze",1,4,1,1,60,"Unzufrieden"
9593,"1",4,1,2,5,3,3,"Männlich","55-64","Ich miete",8,9,0,0,60,"Zufrieden"
9594,"1",4,3,3,3,2,5,"Weiblich","35-44","Ich besitze",5,10,1,1,40,"Zufrieden"
9595,"1",5,2,3,4,4,3,"Männlich","45-54","Ich besitze",10,9,0,1,50,"Zufrieden"
9596,"1",5,3,4,3,3,4,"Männlich","35-44","Ich besitze",7,8,0,1,40,"Zufrieden"
9597,"1",4,3,3,3,3,1,"Weiblich","18-24","Ich miete",4,6,1,0,20,"Zufrieden"
9598,"0",3,2,3,1,2,5,"Männlich","25-34","Ich miete",1,6,0,0,30,"Unzufrieden"
9599,"0",4,3,4,4,2,3,"Männlich","65-74","Ich besitze",9,10,0,1,70,"Unzufrieden"
9600,"0",3,1,1,1,5,3,"Weiblich","25-34","Ich miete",10,1,1,0,30,"Unzufrieden"
9601,"0",1,2,2,2,2,1,"Männlich","25-34","Ich miete",4,7,0,0,30,"Unzufrieden"
9602,"1",5,2,3,4,4,5,"Weiblich","35-44","Ich miete",2,5,1,0,40,"Zufrieden"
9603,"1",3,1,3,3,2,4,"Männlich","25-34","Ich miete",8,3,0,0,30,"Zufrieden"
9604,"1",4,4,5,5,5,5,"Weiblich","75+","Ich besitze",8,10,1,1,80,"Zufrieden"
9605,"0",3,3,4,5,2,3,"Weiblich","55-64","Ich miete",6,7,1,0,60,"Unzufrieden"
9606,"1",4,5,3,5,2,3,"Weiblich","55-64","Ich miete",7,6,1,0,60,"Zufrieden"
9607,"1",5,4,5,5,5,5,"Weiblich","65-74","Ich besitze",10,8,1,1,70,"Zufrieden"
9608,"1",4,2,3,4,4,3,"Weiblich","25-34","Ich miete",8,9,1,0,30,"Zufrieden"
9609,"1",5,2,3,3,3,3,"Weiblich","55-64","Ich miete",8,9,1,0,60,"Zufrieden"
9610,"1",4,1,2,3,3,4,"Weiblich","45-54","Ich besitze",8,8,1,1,50,"Zufrieden"
9611,"0",3,1,3,3,3,4,"Männlich","55-64","Ich besitze",8,7,0,1,60,"Unzufrieden"
9612,"1",4,2,3,2,1,4,"Weiblich","25-34","Ich miete",5,9,1,0,30,"Zufrieden"
9613,"1",5,1,3,4,3,4,"Männlich","25-34","Ich besitze",7,9,0,1,30,"Zufrieden"
9614,"0",5,1,3,2,4,4,"Weiblich",,"Ich miete",4,4,1,0,40,"Unzufrieden"
9615,"0",5,4,3,3,3,3,"Weiblich","35-44","Ich miete",6,10,1,0,40,"Unzufrieden"
9616,"1",4,2,4,3,4,5,"Weiblich","17 oder jünger","Ich besitze",6,8,1,1,10,"Zufrieden"
9617,"1",5,3,4,5,4,5,"Weiblich","55-64","Ich besitze",6,7,1,1,60,"Zufrieden"
9618,"1",4,3,3,3,4,4,"Männlich","25-34","Ich miete",9,8,0,0,30,"Zufrieden"
9619,"1",4,2,3,3,3,4,"Weiblich","35-44","Ich miete",8,7,1,0,40,"Zufrieden"
9620,"0",3,1,3,3,1,2,"Männlich","25-34","Ich miete",1,8,0,0,30,"Unzufrieden"
9621,"0",4,2,4,4,5,4,"Männlich","35-44","Ich miete",8,7,0,0,40,"Unzufrieden"
9623,"1",4,2,3,1,2,4,"Männlich","25-34","Ich miete",9,9,0,0,30,"Zufrieden"
9624,"1",5,3,3,3,5,5,"Männlich","75+","Ich besitze",5,10,0,1,80,"Zufrieden"
9625,"1",5,2,3,3,4,4,"Weiblich","55-64","Ich besitze",7,10,1,1,60,"Zufrieden"
9626,"1",4,2,4,5,2,3,"Männlich","18-24","Ich besitze",9,9,0,1,20,"Zufrieden"
9627,"1",4,3,5,4,4,4,"Weiblich","35-44","Ich besitze",10,9,1,1,40,"Zufrieden"
9628,"1",5,2,3,3,4,4,"Weiblich","25-34","Ich miete",7,8,1,0,30,"Zufrieden"
9629,"1",5,3,5,3,5,5,"Weiblich","25-34","Ich miete",8,7,1,0,30,"Zufrieden"
9630,"1",4,3,3,3,2,4,"Weiblich","65-74","Ich besitze",6,6,1,1,70,"Zufrieden"
9631,"1",3,1,4,3,3,3,"Weiblich","45-54","Ich besitze",5,8,1,1,50,"Zufrieden"
9633,"1",4,3,2,5,4,2,"Weiblich","75+","Ich besitze",8,8,1,1,80,"Zufrieden"
9634,"0",4,3,4,3,2,5,"Weiblich","65-74","Ich besitze",5,9,1,1,70,"Unzufrieden"
9635,"1",3,2,5,3,2,2,"Weiblich","18-24","Ich miete",9,5,1,0,20,"Zufrieden"
9636,"1",3,2,3,2,5,3,"Weiblich","25-34","Ich miete",9,7,1,0,30,"Zufrieden"
9637,"1",5,2,3,4,1,4,"Weiblich","35-44","Ich miete",8,8,1,0,40,"Zufrieden"
9638,"0",4,2,3,3,2,3,"Weiblich","25-34","Ich miete",8,8,1,0,30,"Unzufrieden"
9639,"1",4,2,3,4,4,4,"Weiblich","45-54","Ich besitze",8,10,1,1,50,"Zufrieden"
9640,"1",4,2,3,3,4,4,"Weiblich","25-34","Ich miete",9,8,1,0,30,"Zufrieden"
9641,"0",5,1,3,3,3,3,"Weiblich","35-44","Ich miete",7,2,1,0,40,"Unzufrieden"
9642,"1",5,2,3,3,4,5,"Weiblich","25-34","Ich miete",5,7,1,0,30,"Zufrieden"
9643,"0",3,1,3,2,4,3,"Männlich","35-44","Ich miete",2,3,0,0,40,"Unzufrieden"
9644,"0",3,3,4,2,1,3,"Weiblich","65-74","Ich besitze",6,9,1,1,70,"Unzufrieden"
9645,"1",3,2,3,2,1,2,"Männlich","18-24","Ich miete",9,9,0,0,20,"Zufrieden"
9646,"1",5,3,4,5,4,4,"Männlich","35-44","Ich miete",10,9,0,0,40,"Zufrieden"
9647,"1",3,1,3,5,3,1,"Weiblich","75+","Ich besitze",3,10,1,1,80,"Zufrieden"
9648,"0",4,1,3,2,2,3,"Weiblich","25-34","Ich miete",3,7,1,0,30,"Unzufrieden"
9649,"0",4,1,3,3,2,3,"Männlich","25-34","Ich miete",8,4,0,0,30,"Unzufrieden"
9650,"0",4,2,3,4,2,2,"Männlich","55-64","Ich besitze",2,9,0,1,60,"Unzufrieden"
9651,"1",4,2,3,2,3,4,"Multiple people","25-34","Ich miete",8,7,1,0,30,"Zufrieden"
9652,"1",3,1,3,1,3,3,"Weiblich","35-44","Ich miete",3,9,1,0,40,"Zufrieden"
9653,"1",5,5,5,5,5,5,"Weiblich","75+","Ich miete",10,10,1,0,80,"Zufrieden"
9654,"1",5,2,3,3,3,5,"Männlich","65-74","Ich besitze",9,10,0,1,70,"Zufrieden"
9655,"0",5,3,3,3,4,1,"Männlich","25-34","Ich miete",9,10,0,0,30,"Unzufrieden"
9656,"1",4,4,1,3,4,4,"Männlich","18-24","Ich miete",10,8,0,0,20,"Zufrieden"
9657,"1",5,4,5,5,5,5,"Männlich","35-44","Ich besitze",2,10,0,1,40,"Zufrieden"
9658,"0",4,3,3,5,4,5,"Weiblich","65-74","Ich besitze",10,10,1,1,70,"Unzufrieden"
9659,"1",3,4,2,2,1,1,"Männlich","25-34","Ich miete",9,5,0,0,30,"Zufrieden"
9661,"0",4,3,3,3,3,3,"Weiblich","35-44","Ich besitze",8,9,1,1,40,"Unzufrieden"
9662,"0",5,1,3,3,3,3,"Weiblich","55-64","Ich besitze",6,9,1,1,60,"Unzufrieden"
9663,"1",4,3,3,1,2,3,"Männlich","25-34","Ich miete",3,8,0,0,30,"Zufrieden"
9664,"0",4,2,4,4,5,5,"Weiblich","35-44","Ich besitze",6,10,1,1,40,"Unzufrieden"
9665,"0",3,1,3,4,2,1,"Männlich","25-34","Ich miete",9,8,0,0,30,"Unzufrieden"
9666,"1",5,2,3,1,4,5,"Männlich","35-44","Ich besitze",9,9,0,1,40,"Zufrieden"
9667,"0",5,3,3,4,3,4,"Männlich","45-54","Ich besitze",5,8,0,1,50,"Unzufrieden"
9668,"1",4,2,4,4,4,3,"Männlich","25-34","Ich miete",9,9,0,0,30,"Zufrieden"
9669,"1",5,5,5,5,3,3,,"25-34","Ich miete",10,10,1,0,30,"Zufrieden"
9671,"1",4,3,3,2,3,3,"Männlich","25-34","Ich miete",8,7,0,0,30,"Zufrieden"
9672,"1",4,3,4,4,4,5,"Weiblich","55-64","Ich besitze",9,8,1,1,60,"Zufrieden"
9673,"1",5,2,3,3,2,3,"Weiblich","35-44","Ich besitze",7,8,1,1,40,"Zufrieden"
9674,"1",4,2,3,2,4,4,"Weiblich","25-34","Ich miete",9,5,1,0,30,"Zufrieden"
9675,"0",5,1,4,3,4,4,"Männlich","45-54","Ich miete",8,7,0,0,50,"Unzufrieden"
9676,"0",4,1,3,3,2,5,"Weiblich","35-44","Ich miete",8,9,1,0,40,"Unzufrieden"
9678,"1",5,3,3,4,2,5,"Männlich","45-54","Ich besitze",6,10,0,1,50,"Zufrieden"
9679,"0",3,1,3,5,1,3,"Weiblich","55-64","Ich besitze",1,5,1,1,60,"Unzufrieden"
9680,"0",5,2,3,2,4,4,"Weiblich","25-34","Ich miete",8,8,1,0,30,"Unzufrieden"
9681,"0",4,1,3,3,4,3,"Weiblich","45-54","Ich miete",3,3,1,0,50,"Unzufrieden"
9682,"0",2,2,3,3,3,3,"Männlich","55-64","Ich besitze",3,6,0,1,60,"Unzufrieden"
9683,"1",4,4,4,5,4,4,"Männlich","65-74","Ich besitze",9,9,0,1,70,"Zufrieden"
9684,"0",5,2,3,3,3,4,"Männlich","25-34","Ich miete",8,9,0,0,30,"Unzufrieden"
9685,"0",5,4,2,2,4,5,"Weiblich","55-64",,3,5,1,0,60,"Unzufrieden"
9686,"0",4,1,3,3,1,5,"Weiblich","25-34","Ich miete",9,5,1,0,30,"Unzufrieden"
9687,"1",4,2,3,4,2,3,"Männlich","25-34","Ich besitze",6,9,0,1,30,"Zufrieden"
9689,"1",3,2,3,3,3,3,"Weiblich","25-34","Ich besitze",4,9,1,1,30,"Zufrieden"
9690,"1",5,1,3,5,1,5,"Männlich","45-54","Ich miete",1,2,0,0,50,"Zufrieden"
9691,"0",3,1,3,1,1,3,"Männlich","35-44","Ich miete",3,7,0,0,40,"Unzufrieden"
9692,"0",4,1,3,4,3,4,"Weiblich","45-54",,4,6,1,0,50,"Unzufrieden"
9693,"1",4,2,3,5,4,5,"Weiblich","45-54","Ich besitze",7,8,1,1,50,"Zufrieden"
9694,"0",3,3,3,3,2,4,"Weiblich","35-44","Ich besitze",5,10,1,1,40,"Unzufrieden"
9695,"1",4,2,3,5,3,5,"Weiblich","55-64","Ich besitze",8,10,1,1,60,"Zufrieden"
9696,"1",5,1,3,4,3,4,"Weiblich","25-34","Ich miete",10,6,1,0,30,"Zufrieden"
9697,"1",4,2,3,3,3,5,"Weiblich","25-34","Ich besitze",8,10,1,1,30,"Zufrieden"
9698,"1",5,3,4,4,5,5,"Weiblich","55-64","Ich besitze",4,9,1,1,60,"Zufrieden"
9699,"1",4,1,3,2,4,5,"Weiblich","35-44","Ich besitze",7,8,1,1,40,"Zufrieden"
9700,"0",4,2,2,3,3,3,"Weiblich","55-64","Ich besitze",8,5,1,1,60,"Unzufrieden"
9701,"0",2,3,3,3,1,2,"Männlich","55-64","Ich besitze",8,6,0,1,60,"Unzufrieden"
9702,"1",4,1,2,4,4,5,"Weiblich","35-44","Ich besitze",7,6,1,1,40,"Zufrieden"
9703,"1",4,3,4,4,4,4,"Männlich","65-74","Ich miete",8,7,0,0,70,"Zufrieden"
9704,"0",3,3,4,4,3,3,"Männlich","65-74","Ich miete",4,4,0,0,70,"Unzufrieden"
9705,"1",4,3,3,3,3,4,"Weiblich","45-54","Ich besitze",5,9,1,1,50,"Zufrieden"
9706,"0",1,1,3,4,1,2,"Männlich","45-54","Ich besitze",5,4,0,1,50,"Unzufrieden"
9708,"1",5,3,4,4,2,3,"Männlich","55-64","Ich besitze",7,9,0,1,60,"Zufrieden"
9709,"1",4,2,4,3,3,5,"Männlich","55-64","Ich besitze",10,9,0,1,60,"Zufrieden"
9710,"1",5,3,5,4,4,4,"Weiblich","65-74","Ich besitze",7,9,1,1,70,"Zufrieden"
9711,"1",4,2,3,2,4,3,"Weiblich","25-34","Ich miete",8,9,1,0,30,"Zufrieden"
9712,"0",3,1,3,5,3,2,"Weiblich","25-34","Ich miete",8,3,1,0,30,"Unzufrieden"
9713,"1",4,2,3,3,2,4,"Weiblich","35-44","Ich besitze",5,10,1,1,40,"Zufrieden"
9714,"0",2,2,3,1,2,4,"Nonbinary","25-34","Ich miete",4,7,1,0,30,"Unzufrieden"
9715,"0",3,2,3,4,3,4,"Männlich","65-74","Ich besitze",8,9,0,1,70,"Unzufrieden"
9716,"0",3,2,4,4,2,4,"Weiblich","65-74","Ich besitze",6,9,1,1,70,"Unzufrieden"
9717,"1",3,1,4,4,2,3,"Weiblich","55-64","Ich miete",4,6,1,0,60,"Zufrieden"
9718,"1",4,2,4,3,3,4,"Männlich","45-54","Ich besitze",6,9,0,1,50,"Zufrieden"
9719,"0",4,1,3,5,4,3,"Männlich","25-34","Ich miete",10,10,0,0,30,"Unzufrieden"
9720,"1",5,1,3,3,2,4,"Weiblich","25-34","Ich miete",10,8,1,0,30,"Zufrieden"
9721,"1",5,1,3,5,5,5,"Männlich","55-64","Ich miete",9,10,0,0,60,"Zufrieden"
9722,"0",4,2,4,1,3,4,"Weiblich","35-44","Ich miete",6,7,1,0,40,"Unzufrieden"
9723,"0",5,1,3,3,1,3,"Männlich","75+","Ich besitze",9,10,0,1,80,"Unzufrieden"
9724,"1",5,3,4,4,3,4,"Weiblich","55-64","Ich besitze",8,9,1,1,60,"Zufrieden"
9725,"1",4,2,3,3,2,4,"Männlich","35-44","Ich besitze",8,8,0,1,40,"Zufrieden"
9726,"0",3,1,5,4,5,4,"Männlich","65-74","Ich miete",5,10,0,0,70,"Unzufrieden"
9727,"1",4,2,4,4,4,4,"Weiblich","45-54","Ich miete",9,9,1,0,50,"Zufrieden"
9728,"1",3,2,3,3,2,3,"Weiblich","35-44","Ich miete",7,8,1,0,40,"Zufrieden"
9729,"1",3,3,4,4,1,3,"Männlich","25-34","Ich besitze",10,10,0,1,30,"Zufrieden"
9730,"1",5,5,5,5,5,5,"Weiblich","45-54","Ich besitze",9,10,1,1,50,"Zufrieden"
9731,"1",5,4,3,4,4,4,"Weiblich","35-44","Ich miete",9,8,1,0,40,"Zufrieden"
9732,"0",3,1,3,1,1,3,"Weiblich","45-54","Ich miete",4,4,1,0,50,"Unzufrieden"
9733,"0",1,3,4,5,1,3,"Weiblich",,"Ich besitze",3,9,1,1,40,"Unzufrieden"
9734,"0",3,2,3,2,1,4,"Weiblich","25-34","Ich miete",5,6,1,0,30,"Unzufrieden"
9735,"1",5,1,3,2,3,5,"Weiblich","25-34","Ich miete",5,9,1,0,30,"Zufrieden"
9736,"1",5,4,5,5,5,4,"Männlich","65-74","Ich miete",7,10,0,0,70,"Zufrieden"
9737,"1",4,1,3,4,2,4,"Weiblich","35-44","Ich miete",8,10,1,0,40,"Zufrieden"
9738,"1",4,2,3,4,2,3,"Multiple people","25-34","Ich miete",6,5,1,0,30,"Zufrieden"
9739,"0",3,3,5,5,5,5,"Weiblich","75+",,6,8,1,0,80,"Unzufrieden"
9740,"1",4,2,3,4,3,4,"Weiblich","35-44","Ich besitze",7,10,1,1,40,"Zufrieden"
9741,"1",5,1,4,3,4,5,"Weiblich","35-44","Ich besitze",6,10,1,1,40,"Zufrieden"
9742,"0",4,1,4,5,3,4,"Männlich","35-44","Ich miete",8,5,0,0,40,"Unzufrieden"
9743,"1",4,2,3,4,3,5,"Männlich","25-34","Ich miete",8,8,0,0,30,"Zufrieden"
9744,"1",4,2,4,4,3,4,"Männlich","55-64","Ich besitze",7,9,0,1,60,"Zufrieden"
9745,"1",3,2,5,1,3,3,"Männlich","18-24","Ich miete",7,3,0,0,20,"Zufrieden"
9746,"0",4,3,3,4,3,3,"Weiblich",,"Ich miete",5,5,1,0,40,"Unzufrieden"
9747,"1",5,1,5,5,5,5,"Männlich","55-64","Ich miete",10,10,0,0,60,"Zufrieden"
9748,"0",4,3,3,3,4,3,"Männlich","45-54","Ich besitze",6,5,0,1,50,"Unzufrieden"
9749,"1",5,2,3,5,5,5,"Männlich","65-74","Ich besitze",5,10,0,1,70,"Zufrieden"
9750,"1",5,3,4,3,3,4,"Weiblich","65-74","Ich besitze",7,8,1,1,70,"Zufrieden"
9751,"1",3,3,2,4,2,4,"Männlich","55-64","Ich besitze",4,8,0,1,60,"Zufrieden"
9752,"1",5,4,3,4,5,3,"Weiblich","75+","Ich besitze",4,8,1,1,80,"Zufrieden"
9753,"1",5,1,3,4,3,5,"Weiblich","35-44","Ich miete",7,9,1,0,40,"Zufrieden"
9754,"0",3,2,3,4,4,3,"Männlich","45-54","Ich besitze",8,8,0,1,50,"Unzufrieden"
9755,"1",4,2,3,4,2,4,"Männlich","45-54","Ich besitze",9,5,0,1,50,"Zufrieden"
9756,"1",4,1,3,3,1,4,"Weiblich","25-34","Ich miete",4,3,1,0,30,"Zufrieden"
9757,"1",4,2,3,4,4,4,"Männlich","45-54","Ich miete",10,10,0,0,50,"Zufrieden"
9758,"1",4,2,4,3,2,4,"Weiblich","25-34","Ich besitze",9,8,1,1,30,"Zufrieden"
9759,"0",2,3,5,5,1,2,"Weiblich","75+","Ich besitze",2,9,1,1,80,"Unzufrieden"
9761,"1",3,3,4,3,4,4,"Weiblich","25-34","Ich miete",7,8,1,0,30,"Zufrieden"
9762,"0",4,2,3,3,3,2,"Weiblich","25-34","Ich miete",5,9,1,0,30,"Unzufrieden"
9763,"1",4,4,3,4,2,3,"Männlich","55-64","Ich besitze",8,9,0,1,60,"Zufrieden"
9764,"0",4,2,3,3,4,4,"Männlich","25-34","Ich miete",8,6,0,0,30,"Unzufrieden"
9765,"0",3,2,3,5,3,4,"Weiblich","55-64","Ich miete",9,8,1,0,60,"Unzufrieden"
9766,"0",4,1,3,3,2,3,"Männlich","18-24","Ich besitze",5,7,0,1,20,"Unzufrieden"
9767,"1",3,1,5,1,3,4,"Männlich","18-24","Ich miete",7,6,0,0,20,"Zufrieden"
9768,"1",4,2,2,4,3,3,"Männlich","45-54","Ich besitze",3,9,0,1,50,"Zufrieden"
9769,"0",2,1,4,2,1,4,"Weiblich","55-64","Ich miete",4,2,1,0,60,"Unzufrieden"
9770,"0",3,1,3,1,4,4,"Nonbinary","25-34","Ich miete",8,6,1,0,30,"Unzufrieden"
9771,"0",3,1,3,4,4,2,"Männlich","25-34","Ich miete",7,6,0,0,30,"Unzufrieden"
9772,"0",2,1,3,3,1,1,"Männlich","35-44","Ich miete",4,6,0,0,40,"Unzufrieden"
9773,"1",3,3,3,3,2,2,"Weiblich","25-34","Ich miete",8,8,1,0,30,"Zufrieden"
9774,"0",3,1,3,2,2,1,"Männlich",,"Ich besitze",5,6,0,1,40,"Unzufrieden"
9775,"0",3,2,3,1,2,4,"Männlich","35-44","Ich miete",5,5,0,0,40,"Unzufrieden"
9776,"1",5,3,1,2,5,5,"Weiblich","35-44","Ich besitze",10,10,1,1,40,"Zufrieden"
9777,"0",1,3,1,4,1,1,"Männlich","45-54","Ich besitze",1,3,0,1,50,"Unzufrieden"
9779,"0",4,3,3,3,3,3,"Männlich","35-44","Ich besitze",7,8,0,1,40,"Unzufrieden"
9780,"0",2,3,1,3,3,3,"Weiblich",,"Ich besitze",6,6,1,1,40,"Unzufrieden"
9781,"0",2,1,3,1,2,4,"Männlich","35-44","Ich miete",10,8,0,0,40,"Unzufrieden"
9782,"1",5,2,4,4,4,3,"Männlich","45-54","Ich besitze",8,9,0,1,50,"Zufrieden"
9783,"0",3,2,3,3,3,3,"Männlich","45-54","Ich besitze",9,9,0,1,50,"Unzufrieden"
9784,"1",4,4,5,4,3,1,,"18-24","Ich miete",10,9,1,0,20,"Zufrieden"
9785,"0",5,3,3,3,1,4,"Männlich","35-44","Ich miete",3,4,0,0,40,"Unzufrieden"
9786,"0",4,1,3,3,1,2,"Männlich","18-24","Ich miete",5,5,0,0,20,"Unzufrieden"
9787,"1",4,1,4,3,4,4,"Weiblich","25-34","Ich besitze",8,9,1,1,30,"Zufrieden"
9789,"0",3,3,3,5,1,3,"Weiblich","55-64","Ich besitze",5,8,1,1,60,"Unzufrieden"
9790,"0",4,1,3,5,1,1,"Männlich","25-34","Ich miete",9,8,0,0,30,"Unzufrieden"
9792,"0",5,1,4,4,2,4,"Männlich","25-34","Ich miete",8,3,0,0,30,"Unzufrieden"
9793,"0",1,2,3,1,3,1,"Männlich","25-34","Ich miete",8,6,0,0,30,"Unzufrieden"
9794,"1",5,2,4,1,5,5,"Männlich","25-34","Ich besitze",8,10,0,1,30,"Zufrieden"
9795,"1",5,1,4,2,3,4,"Nonbinary","35-44","Ich miete",6,7,1,0,40,"Zufrieden"
9796,"1",5,4,5,5,3,5,"Weiblich","65-74","Ich besitze",7,10,1,1,70,"Zufrieden"
9797,"1",5,2,3,5,3,4,"Männlich","45-54","Ich besitze",8,9,0,1,50,"Zufrieden"
9798,"0",4,1,3,2,3,4,"Weiblich","55-64","Ich besitze",4,7,1,1,60,"Unzufrieden"
9799,"1",3,1,3,5,3,3,"Weiblich","55-64","Ich besitze",7,5,1,1,60,"Zufrieden"
9800,"0",3,1,3,3,1,2,"Weiblich","25-34","Ich miete",7,4,1,0,30,"Unzufrieden"
9801,"1",5,1,5,5,3,5,"Weiblich","45-54","Ich miete",10,4,1,0,50,"Zufrieden"
9802,"1",5,1,5,5,3,5,"Weiblich","45-54","Ich miete",6,4,1,0,50,"Zufrieden"
9803,"0",4,3,2,3,2,1,"Weiblich","25-34","Ich besitze",2,7,1,1,30,"Unzufrieden"
9804,"0",5,1,4,4,3,2,"Männlich","25-34","Ich miete",10,6,0,0,30,"Unzufrieden"
9805,"0",5,2,3,3,4,4,"Männlich","35-44","Ich miete",8,3,0,0,40,"Unzufrieden"
9806,"1",4,1,4,2,3,3,"Männlich","25-34","Ich miete",7,3,0,0,30,"Zufrieden"
9807,"0",4,3,3,3,3,4,"Weiblich","45-54","Ich miete",8,8,1,0,50,"Unzufrieden"
9808,"0",2,1,3,1,3,1,"Weiblich","25-34","Ich miete",3,7,1,0,30,"Unzufrieden"
9809,"1",4,3,4,3,3,4,"Männlich","25-34","Ich besitze",7,9,0,1,30,"Zufrieden"
9810,"0",5,2,3,3,4,4,"Männlich","35-44","Ich miete",4,8,0,0,40,"Unzufrieden"
9811,"1",4,3,4,4,2,5,"Weiblich","25-34","Ich miete",10,9,1,0,30,"Zufrieden"
9812,"0",2,2,3,2,1,1,"Weiblich",,"Ich besitze",1,2,1,1,40,"Unzufrieden"
9813,"0",4,2,2,3,3,4,"Männlich","18-24","Ich miete",8,6,0,0,20,"Unzufrieden"
9814,"1",4,2,3,4,3,4,"Weiblich","25-34","Ich miete",7,7,1,0,30,"Zufrieden"
9816,"1",5,5,4,4,3,4,"Weiblich","75+","Ich miete",9,10,1,0,80,"Zufrieden"
9817,"1",4,3,3,4,1,5,"Weiblich","35-44","Ich besitze",1,7,1,1,40,"Zufrieden"
9818,"0",3,1,3,5,5,3,"Männlich","25-34","Ich miete",10,8,0,0,30,"Unzufrieden"
9819,"0",4,1,4,3,4,4,"Männlich","75+","Ich besitze",5,5,0,1,80,"Unzufrieden"
9820,"1",3,2,3,5,2,4,"Weiblich","45-54","Ich besitze",9,10,1,1,50,"Zufrieden"
9821,"1",5,2,3,4,2,4,"Männlich","55-64","Ich besitze",7,9,0,1,60,"Zufrieden"
9822,"1",4,2,3,3,2,3,"Weiblich","35-44","Ich besitze",9,8,1,1,40,"Zufrieden"
9823,"1",4,2,5,3,4,3,"Weiblich","25-34","Ich miete",9,8,1,0,30,"Zufrieden"
9824,"1",5,1,3,4,4,4,"Männlich","45-54","Ich miete",9,8,0,0,50,"Zufrieden"
9825,"0",4,1,3,3,2,4,"Weiblich","25-34","Ich miete",2,6,1,0,30,"Unzufrieden"
9826,"1",5,5,3,5,4,4,"Weiblich","45-54","Ich besitze",8,10,1,1,50,"Zufrieden"
9827,"1",2,2,4,4,4,3,"Männlich","35-44","Ich miete",7,8,0,0,40,"Zufrieden"
9828,"1",3,3,3,3,4,3,"Männlich","55-64","Ich miete",5,9,0,0,60,"Zufrieden"
9829,"1",5,2,3,4,4,4,"Weiblich","25-34","Ich miete",8,8,1,0,30,"Zufrieden"
9830,"1",4,2,3,3,3,4,"Weiblich","25-34","Ich miete",9,7,1,0,30,"Zufrieden"
9831,"0",4,1,3,2,4,4,"Weiblich","35-44","Ich besitze",2,8,1,1,40,"Unzufrieden"
9832,"1",5,3,3,1,2,4,"Weiblich","25-34","Ich miete",8,7,1,0,30,"Zufrieden"
9833,"1",5,4,5,3,3,4,"Männlich","75+","Ich besitze",7,9,0,1,80,"Zufrieden"
9834,"0",5,3,4,4,4,4,"Weiblich","75+","Ich besitze",7,10,1,1,80,"Unzufrieden"
9835,"1",5,2,3,4,4,4,"Männlich","35-44","Ich besitze",9,9,0,1,40,"Zufrieden"
9836,"1",4,1,4,4,4,5,"Männlich","35-44","Ich miete",8,6,0,0,40,"Zufrieden"
9837,"0",4,3,3,3,4,4,"Männlich","35-44","Ich besitze",9,8,0,1,40,"Unzufrieden"
9838,"1",5,3,5,4,3,3,"Männlich","45-54","Ich miete",8,9,0,0,50,"Zufrieden"
9839,"1",4,3,3,3,3,3,"Weiblich","45-54","Ich besitze",8,9,1,1,50,"Zufrieden"
9840,"0",5,3,3,5,1,5,"Männlich","35-44","Ich besitze",7,10,0,1,40,"Unzufrieden"
9841,"0",3,1,1,3,1,3,"Weiblich","65-74","Ich besitze",4,8,1,1,70,"Unzufrieden"
9842,"0",3,1,3,4,2,4,"Männlich","25-34","Ich miete",2,2,0,0,30,"Unzufrieden"
9843,"0",3,1,2,3,4,2,"Männlich","75+","Ich besitze",7,9,0,1,80,"Unzufrieden"
9844,"0",2,1,3,2,3,1,"Weiblich","25-34","Ich miete",8,5,1,0,30,"Unzufrieden"
9845,"0",4,1,3,3,1,3,"Weiblich","25-34","Ich besitze",4,9,1,1,30,"Unzufrieden"
9846,"1",5,1,3,4,5,5,"Männlich","25-34","Ich miete",8,7,0,0,30,"Zufrieden"
9847,"1",5,3,3,4,2,3,"Männlich","35-44","Ich miete",8,8,0,0,40,"Zufrieden"
9848,"0",5,2,3,3,2,4,"Männlich","25-34","Ich miete",5,4,0,0,30,"Unzufrieden"
9849,"1",5,2,3,4,3,5,"Weiblich","45-54","Ich besitze",7,8,1,1,50,"Zufrieden"
9850,"1",4,3,3,4,3,4,"Männlich","65-74","Ich besitze",7,8,0,1,70,"Zufrieden"
9851,"1",5,2,3,4,2,5,"Männlich","45-54","Ich besitze",8,9,0,1,50,"Zufrieden"
9852,"1",4,3,3,3,4,3,"Weiblich","25-34","Ich miete",9,9,1,0,30,"Zufrieden"
9853,"0",4,2,3,4,4,3,"Männlich","75+","Ich miete",6,5,0,0,80,"Unzufrieden"
9854,"1",5,2,3,1,1,4,"Weiblich","25-34","Ich miete",10,10,1,0,30,"Zufrieden"
9855,"1",3,1,3,4,3,4,"Weiblich","35-44","Ich miete",6,9,1,0,40,"Zufrieden"
9856,"1",4,2,3,5,5,4,"Weiblich","35-44","Ich miete",10,10,1,0,40,"Zufrieden"
9857,"0",1,1,3,5,3,1,"Weiblich","65-74","Ich besitze",5,10,1,1,70,"Unzufrieden"
9858,"1",4,2,3,4,4,4,"Männlich","25-34","Ich miete",6,9,0,0,30,"Zufrieden"
9859,"1",2,1,3,5,1,2,"Männlich",,"Ich besitze",10,8,0,1,40,"Zufrieden"
9860,"1",5,5,3,5,3,3,"Weiblich","75+","Ich miete",10,10,1,0,80,"Zufrieden"
9861,"0",3,1,3,1,2,3,"Männlich","65-74","Ich besitze",3,9,0,1,70,"Unzufrieden"
9862,"0",4,2,3,4,1,4,"Männlich","35-44","Ich besitze",8,6,0,1,40,"Unzufrieden"
9863,"0",5,1,3,1,2,4,"Weiblich","25-34","Ich miete",10,10,1,0,30,"Unzufrieden"
9864,"0",5,3,5,5,5,4,"Weiblich","65-74","Ich besitze",7,10,1,1,70,"Unzufrieden"
9866,"1",4,2,3,1,3,4,"Männlich","25-34","Ich miete",8,3,0,0,30,"Zufrieden"
9867,"1",4,2,4,4,4,4,"Männlich","75+",,9,9,0,0,80,"Zufrieden"
9868,"1",4,3,3,3,2,3,"Weiblich","35-44","Ich besitze",5,10,1,1,40,"Zufrieden"
9869,"0",3,4,3,4,2,3,"Männlich","75+","Ich besitze",7,8,0,1,80,"Unzufrieden"
9870,"0",4,2,3,3,3,3,"Weiblich","35-44","Ich besitze",7,7,1,1,40,"Unzufrieden"
9871,"0",4,2,3,2,3,4,"Männlich","25-34","Ich miete",4,6,0,0,30,"Unzufrieden"
9872,"1",5,5,3,4,4,4,"Weiblich","65-74","Ich besitze",9,10,1,1,70,"Zufrieden"
9873,"0",4,2,3,4,2,4,"Weiblich","35-44","Ich miete",3,3,1,0,40,"Unzufrieden"
9874,"0",3,2,3,3,1,4,"Weiblich","55-64","Ich besitze",3,5,1,1,60,"Unzufrieden"
9875,"1",4,2,4,4,4,4,"Weiblich","75+","Ich besitze",7,8,1,1,80,"Zufrieden"
9876,"1",4,3,3,3,2,4,"Männlich","35-44","Ich besitze",8,9,0,1,40,"Zufrieden"
9877,"1",3,3,4,4,3,3,"Weiblich","25-34","Ich miete",9,6,1,0,30,"Zufrieden"
9879,"0",4,4,5,5,3,5,"Männlich","55-64","Ich besitze",7,8,0,1,60,"Unzufrieden"
9880,"1",5,3,3,3,3,5,"Weiblich","65-74","Ich besitze",8,6,1,1,70,"Zufrieden"
9881,"0",4,3,3,3,3,3,"Weiblich","65-74","Ich besitze",6,8,1,1,70,"Unzufrieden"
9882,"1",3,2,3,3,3,4,"Männlich","35-44","Ich miete",8,10,0,0,40,"Zufrieden"
9883,"1",5,1,3,3,5,4,"Männlich","25-34","Ich miete",6,7,0,0,30,"Zufrieden"
9884,"1",4,5,4,5,5,4,"Männlich","25-34","Ich miete",10,10,0,0,30,"Zufrieden"
9885,"1",2,2,3,3,2,4,"Weiblich","25-34","Ich miete",8,7,1,0,30,"Zufrieden"
9886,"1",4,2,3,3,3,5,"Männlich","65-74","Ich besitze",6,8,0,1,70,"Zufrieden"
9887,"1",4,2,3,2,3,4,"Weiblich","55-64","Ich miete",3,5,1,0,60,"Zufrieden"
9888,"0",1,3,2,1,2,1,,"25-34",,7,6,1,0,30,"Unzufrieden"
9889,"1",4,2,3,3,3,5,"Männlich","35-44","Ich miete",6,7,0,0,40,"Zufrieden"
9890,"0",3,1,3,2,1,2,"Männlich","55-64","Ich miete",8,8,0,0,60,"Unzufrieden"
9891,"1",4,2,3,2,3,3,"Weiblich","18-24","Ich miete",7,4,1,0,20,"Zufrieden"
9892,"0",2,1,4,3,2,3,"Weiblich","25-34","Ich miete",8,1,1,0,30,"Unzufrieden"
9893,"0",1,1,3,3,1,1,"Männlich","25-34","Ich miete",8,1,0,0,30,"Unzufrieden"
9894,"0",5,1,4,5,4,3,"Weiblich","65-74","Ich miete",3,10,1,0,70,"Unzufrieden"
9895,"0",3,1,3,1,2,4,"Weiblich","25-34",,8,8,1,0,30,"Unzufrieden"
9896,"1",3,4,5,4,3,4,"Männlich","35-44","Ich besitze",10,8,0,1,40,"Zufrieden"
9898,"1",5,1,3,4,3,5,"Weiblich","65-74","Ich besitze",7,8,1,1,70,"Zufrieden"
9899,"1",5,5,5,5,5,5,"Weiblich","55-64","Ich miete",10,10,1,0,60,"Zufrieden"
9900,"0",4,2,3,2,2,3,"Weiblich","25-34","Ich besitze",5,9,1,1,30,"Unzufrieden"
9901,"1",4,1,5,3,3,5,"Weiblich","25-34","Ich miete",9,7,1,0,30,"Zufrieden"
9902,"1",5,3,4,4,3,5,"Weiblich","45-54","Ich besitze",8,8,1,1,50,"Zufrieden"
9903,"1",5,1,4,3,1,5,"Weiblich","45-54","Ich besitze",4,8,1,1,50,"Zufrieden"
9904,"1",3,3,1,1,2,1,"Weiblich","55-64","Ich besitze",8,10,1,1,60,"Zufrieden"
9905,"0",4,1,3,3,1,4,"Weiblich","35-44","Ich miete",3,2,1,0,40,"Unzufrieden"
9906,"0",1,1,5,5,1,1,"Männlich","65-74","Ich besitze",1,9,0,1,70,"Unzufrieden"
9907,"1",4,3,4,3,4,4,"Weiblich","25-34","Ich miete",6,8,1,0,30,"Zufrieden"
9908,"1",5,1,5,2,4,5,"Weiblich","25-34","Ich miete",7,7,1,0,30,"Zufrieden"
9909,"0",3,3,4,4,2,2,"Weiblich","55-64","Ich besitze",7,8,1,1,60,"Unzufrieden"
9910,"1",4,2,3,3,3,4,"Weiblich","35-44","Ich besitze",4,9,1,1,40,"Zufrieden"
9911,"1",3,1,4,2,5,3,"Männlich","75+","Ich miete",5,7,0,0,80,"Zufrieden"
9912,"1",5,1,3,4,2,5,"Weiblich","45-54","Ich miete",9,7,1,0,50,"Zufrieden"
9913,"0",4,4,5,4,3,4,"Weiblich","25-34","Ich besitze",8,7,1,1,30,"Unzufrieden"
9914,"1",4,4,3,3,4,4,"Männlich","25-34","Ich besitze",8,9,0,1,30,"Zufrieden"
9915,"0",4,2,2,4,1,3,"Männlich","45-54","Ich besitze",7,4,0,1,50,"Unzufrieden"
9916,"0",5,2,3,1,3,3,"Männlich","25-34","Ich miete",4,5,0,0,30,"Unzufrieden"
9917,"1",5,1,3,2,4,5,"Weiblich","35-44","Ich miete",9,7,1,0,40,"Zufrieden"
9918,"1",5,1,5,5,5,5,"Weiblich","55-64","Ich besitze",8,5,1,1,60,"Zufrieden"
9919,"1",5,3,4,4,3,5,"Weiblich","25-34","Ich miete",8,9,1,0,30,"Zufrieden"
9920,"1",4,1,3,3,3,4,"Männlich","65-74","Ich miete",9,6,0,0,70,"Zufrieden"
9921,"1",2,2,3,2,3,4,"Weiblich","25-34","Ich miete",9,8,1,0,30,"Zufrieden"
9922,"1",3,1,3,3,4,4,"Männlich","75+","Ich besitze",8,9,0,1,80,"Zufrieden"
9923,"1",4,1,3,3,3,4,"Weiblich","65-74","Ich besitze",5,8,1,1,70,"Zufrieden"
9924,"1",5,2,3,3,4,5,"Männlich","45-54","Ich besitze",8,8,0,1,50,"Zufrieden"
9925,"1",4,2,4,4,3,3,"Weiblich","55-64","Ich besitze",8,8,1,1,60,"Zufrieden"
9926,"0",4,2,3,3,3,4,"Weiblich","25-34","Ich besitze",7,9,1,1,30,"Unzufrieden"
9927,"0",4,4,3,4,3,4,"Männlich","45-54","Ich besitze",6,9,0,1,50,"Unzufrieden"
9928,"1",4,1,3,3,2,2,"Männlich","35-44","Ich besitze",8,7,0,1,40,"Zufrieden"
9929,"0",5,2,2,3,3,4,"Weiblich","35-44","Ich besitze",3,8,1,1,40,"Unzufrieden"
9930,"1",5,3,2,2,4,5,"Weiblich","35-44","Ich besitze",8,9,1,1,40,"Zufrieden"
9931,"0",3,1,4,1,1,4,"Männlich","35-44","Ich miete",8,3,0,0,40,"Unzufrieden"
9932,"1",3,4,4,4,5,2,"Weiblich","25-34","Ich miete",9,9,1,0,30,"Zufrieden"
9933,"1",5,2,3,3,2,3,"Männlich","35-44","Ich besitze",2,8,0,1,40,"Zufrieden"
9935,"1",4,3,3,4,3,2,"Männlich","25-34","Ich miete",8,8,0,0,30,"Zufrieden"
9936,"0",5,2,3,3,4,3,"Männlich","18-24","Ich miete",10,7,0,0,20,"Unzufrieden"
9937,"0",5,2,4,3,2,4,"Männlich","35-44","Ich besitze",1,8,0,1,40,"Unzufrieden"
9938,"0",3,2,3,1,2,3,"Männlich","25-34","Ich miete",8,4,0,0,30,"Unzufrieden"
9939,"1",5,1,3,5,5,5,"Weiblich","35-44","Ich besitze",10,9,1,1,40,"Zufrieden"
9940,"1",5,2,3,1,2,2,"Weiblich","18-24","Ich miete",7,7,1,0,20,"Zufrieden"
9941,"1",3,2,3,3,4,4,"Weiblich","25-34","Ich miete",8,7,1,0,30,"Zufrieden"
9942,"0",3,2,3,3,2,2,"Weiblich","25-34","Ich miete",7,7,1,0,30,"Unzufrieden"
9943,"1",4,2,3,1,2,5,"Weiblich","25-34","Ich miete",7,6,1,0,30,"Zufrieden"
9944,"1",4,2,4,3,5,4,"Männlich","18-24","Ich miete",8,7,0,0,20,"Zufrieden"
9945,"1",5,3,3,4,3,4,"Weiblich","35-44","Ich besitze",9,8,1,1,40,"Zufrieden"
9946,"0",3,1,3,5,1,3,"Männlich","65-74","Ich besitze",5,7,0,1,70,"Unzufrieden"
9947,"0",4,2,3,4,2,4,"Männlich","55-64","Ich besitze",6,7,0,1,60,"Unzufrieden"
9948,"0",4,3,3,5,1,3,"Weiblich","55-64","Ich besitze",10,10,1,1,60,"Unzufrieden"
9949,"1",1,1,5,3,1,3,"Männlich","35-44","Ich miete",2,7,0,0,40,"Zufrieden"
9950,"0",2,2,3,1,4,4,"Männlich","25-34","Ich miete",5,3,0,0,30,"Unzufrieden"
9951,"1",3,1,3,4,1,4,"Weiblich","65-74","Ich miete",8,9,1,0,70,"Zufrieden"
9953,"0",3,1,3,3,3,3,"Weiblich","55-64","Ich miete",9,6,1,0,60,"Unzufrieden"
9954,"0",5,2,3,3,1,3,"Männlich","35-44","Ich besitze",2,6,0,1,40,"Unzufrieden"
9955,"0",4,1,3,5,4,4,"Männlich","18-24","Ich miete",10,4,0,0,20,"Unzufrieden"
9956,"1",5,4,3,3,2,5,"Weiblich","35-44","Ich besitze",5,7,1,1,40,"Zufrieden"
9957,"1",4,3,4,4,3,1,"Weiblich","65-74","Ich besitze",8,8,1,1,70,"Zufrieden"
9958,"1",4,2,3,3,2,4,"Weiblich","25-34","Ich miete",8,6,1,0,30,"Zufrieden"
9960,"1",5,2,3,3,3,4,"Männlich","65-74","Ich besitze",10,9,0,1,70,"Zufrieden"
9961,"1",3,3,2,3,3,3,"Weiblich","65-74","Ich besitze",5,8,1,1,70,"Zufrieden"
9962,"1",5,3,3,4,5,3,"Weiblich","35-44","Ich besitze",7,7,1,1,40,"Zufrieden"
9963,"1",3,1,3,2,4,3,"Männlich","25-34","Ich miete",7,3,0,0,30,"Zufrieden"
9964,"0",5,1,5,3,5,5,"Männlich","35-44","Ich miete",9,8,0,0,40,"Unzufrieden"
9965,"1",4,2,3,4,4,4,"Weiblich","25-34","Ich miete",7,4,1,0,30,"Zufrieden"
9966,"0",5,1,3,5,3,5,"Weiblich","55-64","Ich miete",8,7,1,0,60,"Unzufrieden"
9967,"1",5,3,4,4,4,5,"Weiblich","35-44","Ich miete",9,6,1,0,40,"Zufrieden"
9968,"1",4,3,4,4,4,3,"Männlich","25-34","Ich miete",7,7,0,0,30,"Zufrieden"
9969,"1",4,2,3,4,4,2,"Männlich","25-34","Ich miete",8,7,0,0,30,"Zufrieden"
9970,"1",3,3,3,3,4,4,"Weiblich","35-44","Ich miete",7,6,1,0,40,"Zufrieden"
9971,"1",5,1,5,4,4,5,"Weiblich","35-44","Ich besitze",7,9,1,1,40,"Zufrieden"
9972,"1",5,1,4,3,3,4,"Weiblich","65-74","Ich besitze",9,9,1,1,70,"Zufrieden"
9973,"0",5,1,4,4,4,3,"Weiblich","25-34","Ich miete",6,3,1,0,30,"Unzufrieden"
9974,"1",4,2,3,3,3,5,"Weiblich","45-54","Ich besitze",3,8,1,1,50,"Zufrieden"
9975,"0",3,3,3,3,3,3,"Weiblich","75+","Ich besitze",7,5,1,1,80,"Unzufrieden"
9976,"0",4,2,4,3,3,4,"Männlich","25-34","Ich miete",7,8,0,0,30,"Unzufrieden"
9977,"1",4,2,3,2,2,4,"Männlich","25-34","Ich miete",7,8,0,0,30,"Zufrieden"
9978,"1",4,2,4,4,5,5,"Weiblich","25-34","Ich miete",9,10,1,0,30,"Zufrieden"
9979,"1",5,1,4,4,5,5,"Weiblich","55-64","Ich miete",8,10,1,0,60,"Zufrieden"
9980,"0",5,1,3,5,1,4,"Weiblich","25-34","Ich miete",6,6,1,0,30,"Unzufrieden"
9981,"1",4,3,4,3,2,1,"Weiblich","25-34","Ich miete",7,8,1,0,30,"Zufrieden"
9982,"0",4,1,4,1,1,2,"Nonbinary","25-34","Ich miete",7,1,1,0,30,"Unzufrieden"
9983,"1",4,1,3,3,3,4,"Weiblich","75+","Ich besitze",10,10,1,1,80,"Zufrieden"
9984,"0",4,1,2,2,3,5,"Weiblich","25-34","Ich besitze",9,9,1,1,30,"Unzufrieden"
9985,"0",4,2,3,1,3,4,"Männlich","25-34","Ich miete",6,6,0,0,30,"Unzufrieden"
9986,"1",3,3,3,3,3,3,"Weiblich","55-64","Ich miete",8,7,1,0,60,"Zufrieden"
9987,"1",3,1,3,3,4,4,"Weiblich","25-34","Ich miete",10,10,1,0,30,"Zufrieden"
9988,"1",5,2,3,3,2,5,"Weiblich","65-74","Ich besitze",8,9,1,1,70,"Zufrieden"
9989,"0",4,2,4,5,3,4,"Weiblich","45-54","Ich besitze",2,9,1,1,50,"Unzufrieden"
9990,"0",5,1,2,2,5,4,"Weiblich","35-44","Ich miete",6,1,1,0,40,"Unzufrieden"
9991,"1",5,4,5,5,5,5,"Männlich","35-44","Ich besitze",10,10,0,1,40,"Zufrieden"
9992,"1",4,1,4,5,4,3,"Weiblich","45-54","Ich miete",6,6,1,0,50,"Zufrieden"
9993,"1",5,1,3,3,4,4,"Männlich","35-44","Ich miete",2,10,0,0,40,"Zufrieden"
9994,"1",5,3,5,5,5,5,"Weiblich","35-44","Ich miete",10,10,1,0,40,"Zufrieden"
9995,"0",5,1,3,4,4,3,"Männlich","35-44","Ich besitze",3,7,0,1,40,"Unzufrieden"
9997,"0",3,1,3,3,1,3,"Weiblich","55-64","Ich besitze",2,9,1,1,60,"Unzufrieden"
9998,"0",5,1,3,5,5,5,"Männlich","25-34","Ich miete",10,10,0,0,30,"Unzufrieden"
9999,"1",5,4,4,4,5,5,"Weiblich","65-74","Ich besitze",3,10,1,1,70,"Zufrieden"
10000,"1",4,3,3,3,1,3,"Männlich","65-74","Ich besitze",9,9,0,1,70,"Zufrieden"
10001,"1",4,3,3,3,1,3,"Weiblich","65-74","Ich besitze",9,9,1,1,70,"Zufrieden"
10002,"0",3,1,2,3,4,3,"Weiblich","25-34","Ich miete",7,9,1,0,30,"Unzufrieden"
10004,"0",4,3,3,4,3,2,"Weiblich","25-34","Ich besitze",9,7,1,1,30,"Unzufrieden"
10005,"1",5,5,4,5,3,4,"Weiblich","55-64","Ich miete",9,9,1,0,60,"Zufrieden"
10006,"0",5,2,4,3,2,4,"Weiblich","35-44","Ich besitze",6,7,1,1,40,"Unzufrieden"
10007,"1",4,3,3,1,4,3,"Weiblich","25-34","Ich miete",10,8,1,0,30,"Zufrieden"
10008,"0",3,1,3,3,2,3,"Männlich","35-44","Ich miete",7,5,0,0,40,"Unzufrieden"
10009,"1",4,1,4,4,3,3,"Männlich","55-64","Ich miete",3,6,0,0,60,"Zufrieden"
10010,"1",4,3,3,2,3,4,"Weiblich","25-34","Ich miete",7,5,1,0,30,"Zufrieden"
10011,"1",5,5,5,5,5,5,"Männlich","75+","Ich besitze",10,10,0,1,80,"Zufrieden"
10012,"1",4,2,4,4,3,3,"Weiblich","65-74","Ich miete",7,5,1,0,70,"Zufrieden"
10013,"1",4,2,5,4,4,4,"Weiblich","45-54","Ich miete",5,9,1,0,50,"Zufrieden"
10014,"0",4,1,4,4,4,3,"Weiblich","45-54","Ich miete",8,7,1,0,50,"Unzufrieden"
10015,"1",5,1,4,3,2,4,"Weiblich","65-74","Ich besitze",2,9,1,1,70,"Zufrieden"
10016,"1",5,3,3,2,4,3,"Weiblich","25-34","Ich miete",9,9,1,0,30,"Zufrieden"
10017,"1",3,1,3,4,2,4,"Männlich","25-34","Ich besitze",6,8,0,1,30,"Zufrieden"
10018,"1",4,3,2,2,3,2,"Weiblich","25-34","Ich miete",9,8,1,0,30,"Zufrieden"
10019,"1",4,1,3,3,3,5,"Weiblich","25-34","Ich miete",3,7,1,0,30,"Zufrieden"
10020,"1",5,1,2,3,2,5,"Weiblich","45-54","Ich besitze",7,9,1,1,50,"Zufrieden"
10021,"0",2,4,5,5,5,4,"Männlich","55-64","Ich miete",9,8,0,0,60,"Unzufrieden"
10022,"0",4,3,3,2,4,4,"Weiblich","35-44","Ich miete",4,9,1,0,40,"Unzufrieden"
10023,"1",5,1,3,1,4,4,"Weiblich","25-34","Ich miete",8,2,1,0,30,"Zufrieden"
10024,"1",3,1,4,3,3,2,"Männlich","35-44","Ich miete",4,1,0,0,40,"Zufrieden"
10025,"0",4,4,3,3,3,3,"Weiblich","18-24","Ich miete",8,9,1,0,20,"Unzufrieden"
10026,"1",4,3,3,3,2,5,"Männlich","45-54","Ich besitze",4,6,0,1,50,"Zufrieden"
10028,"0",5,2,3,3,4,2,"Nonbinary","25-34","Ich miete",4,8,1,0,30,"Unzufrieden"
10029,"1",5,4,5,5,5,5,"Weiblich","55-64","Ich besitze",10,10,1,1,60,"Zufrieden"
10030,"0",1,1,3,3,1,1,"Weiblich","35-44","Ich miete",10,1,1,0,40,"Unzufrieden"
10031,"1",5,2,4,3,5,5,"Männlich","35-44","Ich besitze",6,10,0,1,40,"Zufrieden"
10032,"0",3,1,3,3,1,3,"Weiblich","55-64","Ich besitze",1,2,1,1,60,"Unzufrieden"
10034,"0",1,2,2,3,1,1,"Weiblich","75+","Ich miete",1,3,1,0,80,"Unzufrieden"
10035,"1",4,3,3,4,4,5,"Weiblich","35-44","Ich besitze",6,8,1,1,40,"Zufrieden"
10036,"1",4,3,4,4,4,3,"Weiblich","35-44","Ich miete",10,9,1,0,40,"Zufrieden"
10037,"1",4,3,3,4,2,4,"Weiblich","45-54","Ich besitze",6,10,1,1,50,"Zufrieden"
10038,"1",5,3,4,2,4,4,"Weiblich","25-34","Ich besitze",6,9,1,1,30,"Zufrieden"
10039,"1",5,3,3,4,1,2,"Weiblich","25-34","Ich besitze",4,9,1,1,30,"Zufrieden"
10040,"1",4,2,3,3,3,3,"Weiblich","35-44","Ich miete",8,6,1,0,40,"Zufrieden"
10041,"1",4,2,3,3,4,4,"Weiblich","25-34","Ich miete",5,8,1,0,30,"Zufrieden"
10042,"0",4,1,3,1,1,4,"Weiblich","35-44","Ich miete",3,7,1,0,40,"Unzufrieden"
10043,"1",4,3,3,3,4,5,"Weiblich","35-44","Ich besitze",8,8,1,1,40,"Zufrieden"
10044,"1",4,2,3,4,4,5,"Weiblich","35-44","Ich besitze",6,8,1,1,40,"Zufrieden"
10045,"1",4,1,3,3,2,3,"Weiblich","18-24","Ich miete",7,6,1,0,20,"Zufrieden"
10046,"0",4,5,3,4,2,3,"Weiblich","45-54","Ich besitze",9,8,1,1,50,"Unzufrieden"
10047,"1",4,2,4,4,4,4,"Weiblich","55-64","Ich besitze",7,8,1,1,60,"Zufrieden"
10048,"1",4,4,4,5,4,4,"Männlich","65-74","Ich besitze",6,9,0,1,70,"Zufrieden"
10049,"1",5,1,4,3,3,4,"Weiblich","55-64","Ich besitze",4,9,1,1,60,"Zufrieden"
10050,"0",3,2,3,4,3,3,"Männlich","75+","Ich besitze",6,8,0,1,80,"Unzufrieden"
10051,"0",4,2,3,3,2,3,"Weiblich","35-44","Ich besitze",3,7,1,1,40,"Unzufrieden"
10052,"1",4,3,4,4,3,3,"Weiblich","55-64","Ich besitze",8,9,1,1,60,"Zufrieden"
10053,"1",3,2,3,3,3,3,"Weiblich","65-74","Ich besitze",7,7,1,1,70,"Zufrieden"
10054,"1",5,1,3,1,3,4,"Weiblich","35-44","Ich miete",1,7,1,0,40,"Zufrieden"
10055,"1",3,1,4,2,4,3,"Männlich","45-54","Ich miete",10,6,0,0,50,"Zufrieden"
10056,"1",4,1,2,3,4,4,"Weiblich","55-64","Ich besitze",4,8,1,1,60,"Zufrieden"
10057,"0",4,1,3,5,3,4,"Weiblich","55-64","Ich besitze",7,9,1,1,60,"Unzufrieden"
10058,"1",4,2,4,1,4,4,"Nonbinary","25-34","Ich miete",9,6,1,0,30,"Zufrieden"
10059,"1",5,3,4,3,3,3,"Weiblich","35-44","Ich miete",10,8,1,0,40,"Zufrieden"
10060,"1",5,3,5,5,5,5,"Weiblich","55-64","Ich besitze",6,10,1,1,60,"Zufrieden"
10061,"1",4,3,3,3,4,4,"Weiblich","55-64","Ich besitze",7,9,1,1,60,"Zufrieden"
10062,"0",4,4,5,3,5,5,"Weiblich","55-64","Ich besitze",9,7,1,1,60,"Unzufrieden"
10063,"1",5,3,3,3,3,5,"Weiblich","25-34","Ich miete",8,8,1,0,30,"Zufrieden"
10064,"0",3,3,3,4,2,3,"Männlich","65-74","Ich besitze",10,9,0,1,70,"Unzufrieden"
10066,"0",5,2,3,3,3,4,"Männlich","25-34","Ich miete",8,7,0,0,30,"Unzufrieden"
10067,"1",4,4,3,4,3,5,"Weiblich","25-34","Ich miete",5,6,1,0,30,"Zufrieden"
10068,"0",2,3,4,2,1,4,"Weiblich","25-34","Ich besitze",4,7,1,1,30,"Unzufrieden"
10069,"1",4,2,3,3,1,4,"Weiblich","35-44","Ich besitze",9,10,1,1,40,"Zufrieden"
10070,"1",5,1,3,4,3,5,"Weiblich","45-54","Ich miete",10,9,1,0,50,"Zufrieden"
10071,"0",4,1,3,2,2,5,"Weiblich","25-34","Ich miete",8,9,1,0,30,"Unzufrieden"
10072,"1",5,1,3,3,4,4,"Weiblich","45-54","Ich besitze",4,8,1,1,50,"Zufrieden"
10073,"1",4,2,4,3,4,4,"Weiblich",,"Ich besitze",5,7,1,1,40,"Zufrieden"
10074,"1",5,2,3,2,5,4,"Männlich","25-34","Ich miete",8,5,0,0,30,"Zufrieden"
10075,"0",1,1,1,1,3,1,"Weiblich","75+","Ich besitze",7,5,1,1,80,"Unzufrieden"
10076,"1",4,4,5,5,4,5,"Männlich","25-34","Ich besitze",8,10,0,1,30,"Zufrieden"
10077,"0",4,1,2,2,2,3,"Weiblich",,"Ich besitze",4,8,1,1,40,"Unzufrieden"
10078,"1",2,3,4,4,4,5,"Männlich","25-34","Ich besitze",7,8,0,1,30,"Zufrieden"
10079,"1",5,3,3,3,2,3,"Weiblich","55-64","Ich besitze",10,10,1,1,60,"Zufrieden"
10080,"0",4,3,4,4,5,4,"Männlich","18-24","Ich miete",6,8,0,0,20,"Unzufrieden"
10081,"0",3,3,4,3,1,4,"Weiblich","65-74","Ich besitze",1,3,1,1,70,"Unzufrieden"
10082,"1",3,4,4,4,4,2,"Weiblich","25-34","Ich besitze",8,10,1,1,30,"Zufrieden"
10083,"1",5,2,3,2,1,5,"Weiblich","45-54","Ich besitze",9,10,1,1,50,"Zufrieden"
10085,"1",4,1,3,2,3,4,"Weiblich","25-34","Ich miete",8,5,1,0,30,"Zufrieden"
10086,"1",5,3,5,5,5,5,"Weiblich","65-74","Ich besitze",7,10,1,1,70,"Zufrieden"
10087,"0",3,3,3,4,3,4,"Weiblich","75+",,7,8,1,0,80,"Unzufrieden"
10088,"1",4,1,3,4,1,3,"Weiblich","25-34","Ich miete",6,5,1,0,30,"Zufrieden"
10089,"1",4,2,5,5,5,3,"Männlich","65-74","Ich miete",10,9,0,0,70,"Zufrieden"
10090,"0",2,1,3,5,1,3,"Weiblich","55-64","Ich besitze",9,9,1,1,60,"Unzufrieden"
10091,"1",5,1,3,2,4,3,"Männlich","45-54","Ich miete",10,10,0,0,50,"Zufrieden"
10092,"1",4,1,5,5,4,4,"Weiblich","35-44","Ich miete",9,2,1,0,40,"Zufrieden"
10093,"0",4,1,3,3,3,3,"Männlich","25-34","Ich miete",7,7,0,0,30,"Unzufrieden"
10094,"0",4,1,4,3,1,5,"Weiblich","55-64","Ich besitze",1,7,1,1,60,"Unzufrieden"
10095,"1",4,1,3,1,3,4,"Nonbinary","25-34","Ich miete",4,3,1,0,30,"Zufrieden"
10096,"1",5,1,4,5,2,4,"Weiblich","35-44","Ich miete",5,7,1,0,40,"Zufrieden"
10097,"1",5,1,5,5,5,5,"Männlich","35-44","Ich miete",10,10,0,0,40,"Zufrieden"
10098,"1",5,4,3,4,4,5,"Weiblich","25-34",,8,9,1,0,30,"Zufrieden"
10099,"0",3,3,3,3,3,1,"Weiblich","25-34","Ich miete",7,4,1,0,30,"Unzufrieden"
10100,"0",3,1,4,4,1,3,"Weiblich","45-54","Ich miete",9,7,1,0,50,"Unzufrieden"
10101,"0",4,3,4,4,4,4,"Weiblich","45-54","Ich miete",7,8,1,0,50,"Unzufrieden"
10102,"1",4,3,4,3,2,3,"Männlich","35-44","Ich besitze",7,9,0,1,40,"Zufrieden"
10103,"1",5,3,3,5,4,5,"Männlich","35-44","Ich besitze",9,8,0,1,40,"Zufrieden"
10104,"0",2,1,3,4,3,3,"Weiblich","45-54","Ich miete",6,6,1,0,50,"Unzufrieden"
10105,"0",3,1,3,4,3,3,"Weiblich",,,10,8,1,0,40,"Unzufrieden"
10106,"0",1,2,4,3,2,3,"Weiblich","65-74","Ich miete",3,6,1,0,70,"Unzufrieden"
10107,"1",4,4,5,4,4,5,"Männlich","65-74","Ich miete",5,9,0,0,70,"Zufrieden"
10108,"0",4,1,4,4,1,4,"Weiblich","45-54",,7,9,1,0,50,"Unzufrieden"
10109,"0",1,2,3,2,1,3,"Männlich","25-34","Ich miete",2,3,0,0,30,"Unzufrieden"
10110,"0",3,3,3,3,3,3,"Weiblich","55-64","Ich besitze",3,7,1,1,60,"Unzufrieden"
10111,"1",3,1,3,3,3,3,"Männlich","35-44","Ich besitze",5,9,0,1,40,"Zufrieden"
10112,"0",3,3,3,3,2,2,"Männlich","18-24","Ich miete",3,6,0,0,20,"Unzufrieden"
10113,"1",5,1,3,1,4,4,"Nonbinary","35-44","Ich miete",8,1,1,0,40,"Zufrieden"
10114,"1",4,2,3,2,3,4,"Männlich","25-34","Ich besitze",6,9,0,1,30,"Zufrieden"
10115,"0",3,1,1,1,2,1,,"45-54","Ich besitze",1,2,1,1,50,"Unzufrieden"
10117,"1",4,2,3,2,3,4,"Männlich","35-44","Ich miete",10,8,0,0,40,"Zufrieden"
10118,"1",4,1,4,1,3,4,"Weiblich","35-44","Ich besitze",5,6,1,1,40,"Zufrieden"
10119,"0",1,1,3,5,1,1,"Männlich","75+","Ich miete",1,4,0,0,80,"Unzufrieden"
10120,"0",4,1,3,3,3,3,"Männlich","35-44","Ich miete",7,8,0,0,40,"Unzufrieden"
10121,"1",4,2,3,1,3,4,"Weiblich","45-54","Ich miete",8,10,1,0,50,"Zufrieden"
10122,"1",3,2,3,4,3,4,"Männlich","25-34","Ich besitze",9,9,0,1,30,"Zufrieden"
10123,"0",5,1,2,3,3,4,"Weiblich","45-54","Ich miete",8,6,1,0,50,"Unzufrieden"
10124,"0",3,2,4,4,1,2,"Weiblich",,"Ich besitze",5,5,1,1,40,"Unzufrieden"
10125,"1",4,4,4,4,1,4,"Weiblich","45-54","Ich besitze",9,9,1,1,50,"Zufrieden"
10126,"1",5,3,4,4,4,4,"Weiblich","55-64","Ich besitze",1,9,1,1,60,"Zufrieden"
10127,"1",4,3,4,5,5,3,"Weiblich","75+","Ich besitze",8,10,1,1,80,"Zufrieden"
10128,"1",4,3,2,2,3,3,"Weiblich","35-44","Ich besitze",7,8,1,1,40,"Zufrieden"
10129,"1",5,5,5,5,5,5,"Männlich","75+","Ich besitze",10,10,0,1,80,"Zufrieden"
10131,"0",5,1,3,1,2,4,"Männlich","25-34","Ich miete",4,1,0,0,30,"Unzufrieden"
10132,"0",3,3,2,2,2,3,"Weiblich","55-64","Ich besitze",3,6,1,1,60,"Unzufrieden"
10133,"1",3,1,2,2,1,3,"Weiblich","35-44","Ich miete",4,4,1,0,40,"Zufrieden"
10134,"1",4,3,3,4,4,5,"Weiblich","25-34","Ich miete",6,5,1,0,30,"Zufrieden"
10135,"0",3,2,3,1,1,4,"Männlich","25-34","Ich miete",3,4,0,0,30,"Unzufrieden"
10136,"1",2,3,4,4,2,2,"Weiblich","35-44","Ich besitze",9,8,1,1,40,"Zufrieden"
10137,"1",3,1,1,5,3,4,"Weiblich","45-54","Ich besitze",10,8,1,1,50,"Zufrieden"
10138,"1",5,3,4,4,4,4,"Männlich","35-44","Ich miete",7,7,0,0,40,"Zufrieden"
10139,"0",2,3,2,2,1,2,"Männlich","65-74","Ich besitze",4,6,0,1,70,"Unzufrieden"
10140,"1",5,1,5,5,5,5,"Männlich","45-54","Ich miete",10,10,0,0,50,"Zufrieden"
10141,"0",4,1,2,4,1,4,"Männlich","35-44","Ich besitze",4,7,0,1,40,"Unzufrieden"
10142,"1",4,2,3,5,4,3,"Männlich","25-34",,8,8,0,0,30,"Zufrieden"
10143,"0",5,4,3,5,4,4,"Männlich","55-64","Ich besitze",10,9,0,1,60,"Unzufrieden"
10144,"1",5,5,5,5,3,4,"Weiblich","25-34","Ich miete",9,10,1,0,30,"Zufrieden"
10145,"0",3,3,3,3,1,1,"Männlich","45-54","Ich miete",3,8,0,0,50,"Unzufrieden"
10146,"1",3,1,4,2,4,5,,"55-64","Ich miete",5,7,1,0,60,"Zufrieden"
10147,"1",4,4,3,3,4,4,"Weiblich","18-24","Ich miete",7,6,1,0,20,"Zufrieden"
10148,"0",5,1,3,4,4,5,"Weiblich","35-44","Ich miete",10,5,1,0,40,"Unzufrieden"
10149,"1",5,5,3,5,3,3,"Männlich","25-34","Ich besitze",10,10,0,1,30,"Zufrieden"
10150,"1",5,2,3,4,4,4,"Männlich","35-44","Ich miete",8,8,0,0,40,"Zufrieden"
10151,"1",5,1,3,4,4,5,"Weiblich","55-64","Ich besitze",9,10,1,1,60,"Zufrieden"
10152,"1",5,3,3,4,4,4,"Männlich","45-54","Ich besitze",9,9,0,1,50,"Zufrieden"
10153,"1",5,4,3,4,4,5,"Weiblich","55-64","Ich besitze",8,8,1,1,60,"Zufrieden"
10154,"0",2,3,3,5,1,3,"Männlich","25-34","Ich miete",10,9,0,0,30,"Unzufrieden"
10155,"1",5,5,5,5,5,5,"Männlich","75+","Other",10,10,0,0,80,"Zufrieden"
10156,"0",4,4,2,4,3,4,"Weiblich","65-74","Ich besitze",10,6,1,1,70,"Unzufrieden"
10157,"1",3,2,3,3,3,4,"Männlich","55-64","Ich besitze",6,8,0,1,60,"Zufrieden"
10158,"1",5,2,3,4,2,5,"Weiblich","55-64","Ich besitze",9,3,1,1,60,"Zufrieden"
10159,"1",3,3,3,4,1,3,"Weiblich","55-64","Ich besitze",9,10,1,1,60,"Zufrieden"
10160,"0",5,1,4,2,2,3,,,"Ich miete",8,6,1,0,40,"Unzufrieden"
10162,"1",4,2,3,4,3,4,"Männlich","25-34","Ich miete",9,9,0,0,30,"Zufrieden"
10163,"1",4,2,4,3,4,3,"Weiblich","75+","Ich miete",1,9,1,0,80,"Zufrieden"
10164,"1",4,1,5,2,1,2,"Weiblich","35-44","Ich besitze",1,9,1,1,40,"Zufrieden"
10165,"1",4,1,3,4,2,3,"Männlich","25-34","Ich besitze",3,9,0,1,30,"Zufrieden"
10166,"1",5,1,5,3,5,5,"Weiblich","25-34","Ich miete",10,8,1,0,30,"Zufrieden"
10167,"1",5,1,3,1,4,4,"Nonbinary","25-34","Ich miete",10,9,1,0,30,"Zufrieden"
10168,"1",5,1,3,2,4,4,"Weiblich","35-44","Ich miete",9,10,1,0,40,"Zufrieden"
10169,"0",4,1,2,1,4,5,"Männlich","25-34","Ich miete",8,9,0,0,30,"Unzufrieden"
10170,"0",4,1,3,2,3,3,"Weiblich","18-24","Ich miete",5,2,1,0,20,"Unzufrieden"
10171,"0",4,1,4,4,4,3,"Weiblich","35-44","Ich besitze",8,9,1,1,40,"Unzufrieden"
10172,"1",5,2,3,3,4,3,"Weiblich","25-34","Ich miete",10,8,1,0,30,"Zufrieden"
10173,"1",4,1,4,3,2,5,"Weiblich","35-44","Ich besitze",4,9,1,1,40,"Zufrieden"
10174,"0",2,2,3,5,1,1,"Weiblich","25-34","Ich miete",4,10,1,0,30,"Unzufrieden"
10175,"0",4,3,3,4,2,4,"Männlich","55-64","Ich besitze",4,8,0,1,60,"Unzufrieden"
10176,"0",3,2,3,4,2,4,"Männlich","55-64","Ich besitze",8,8,0,1,60,"Unzufrieden"
10177,"1",3,2,3,3,4,3,"Männlich","25-34","Ich miete",8,7,0,0,30,"Zufrieden"
10178,"0",4,2,4,3,3,4,"Weiblich","35-44","Ich besitze",7,10,1,1,40,"Unzufrieden"
10179,"1",5,2,3,3,3,2,"Weiblich","25-34","Ich miete",7,5,1,0,30,"Zufrieden"
10180,"1",5,2,3,5,5,5,"Weiblich","25-34","Ich miete",1,10,1,0,30,"Zufrieden"
10181,"1",5,4,3,4,4,4,"Weiblich","18-24","Ich miete",9,8,1,0,20,"Zufrieden"
10182,"0",5,1,3,3,4,3,"Weiblich","25-34","Ich miete",10,4,1,0,30,"Unzufrieden"
10183,"1",4,2,4,4,4,4,"Männlich","65-74","Ich besitze",9,9,0,1,70,"Zufrieden"
10184,"1",4,1,4,3,4,3,"Weiblich","18-24","Ich miete",8,7,1,0,20,"Zufrieden"
10185,"1",4,2,3,1,3,3,"Weiblich","25-34","Ich miete",7,8,1,0,30,"Zufrieden"
10186,"1",5,1,3,4,2,5,"Weiblich","55-64","Ich besitze",8,9,1,1,60,"Zufrieden"
10187,"1",2,2,4,5,1,2,"Weiblich","25-34","Ich besitze",1,9,1,1,30,"Zufrieden"
10188,"0",5,3,3,3,4,5,"Multiple people","55-64","Ich besitze",5,9,1,1,60,"Unzufrieden"
10189,"1",4,3,4,1,4,4,"Männlich","55-64","Ich miete",4,7,0,0,60,"Zufrieden"
10190,"0",3,1,3,2,3,4,"Weiblich","65-74","Ich miete",6,4,1,0,70,"Unzufrieden"
10191,"1",3,3,3,3,3,4,"Weiblich","25-34","Ich miete",8,7,1,0,30,"Zufrieden"
10192,"0",4,3,1,2,3,1,"Weiblich",,"Ich besitze",8,9,1,1,40,"Unzufrieden"
10193,"1",5,3,5,5,4,5,"Weiblich","25-34","Ich miete",7,8,1,0,30,"Zufrieden"
10194,"0",3,1,3,3,3,4,"Weiblich","35-44","Ich miete",8,8,1,0,40,"Unzufrieden"
10196,"1",4,2,4,4,1,4,"Männlich","25-34","Ich miete",6,7,0,0,30,"Zufrieden"
10199,"0",4,2,4,4,3,4,"Weiblich","55-64","Ich besitze",4,9,1,1,60,"Unzufrieden"
10200,"0",2,3,3,5,1,2,"Weiblich","45-54","Ich besitze",10,10,1,1,50,"Unzufrieden"
10201,"1",4,2,4,3,4,5,"Weiblich","25-34","Ich miete",9,9,1,0,30,"Zufrieden"
10202,"1",4,1,4,4,5,5,"Weiblich","65-74","Ich besitze",9,9,1,1,70,"Zufrieden"
10203,"0",5,4,4,5,4,4,"Männlich","45-54","Ich besitze",9,8,0,1,50,"Unzufrieden"
10204,"1",4,3,3,4,3,4,"Männlich","55-64","Ich miete",9,10,0,0,60,"Zufrieden"
10205,"0",4,1,4,5,4,2,"Männlich","65-74","Ich besitze",7,9,0,1,70,"Unzufrieden"
10206,"0",4,3,3,3,1,3,"Weiblich","55-64","Ich besitze",8,5,1,1,60,"Unzufrieden"
10207,"0",2,1,2,3,1,3,"Weiblich","18-24","Ich miete",8,4,1,0,20,"Unzufrieden"
10208,"1",4,2,3,4,4,4,"Weiblich","35-44","Ich miete",8,8,1,0,40,"Zufrieden"
10209,"1",4,3,2,3,4,3,"Weiblich","45-54","Ich besitze",8,10,1,1,50,"Zufrieden"
10210,"1",2,2,4,1,4,3,"Nonbinary","25-34","Ich miete",6,1,1,0,30,"Zufrieden"
10212,"1",5,5,5,5,5,5,"Weiblich","25-34","Ich miete",10,10,1,0,30,"Zufrieden"
10213,"1",4,3,3,5,3,4,"Weiblich","35-44","Ich besitze",10,8,1,1,40,"Zufrieden"
10214,"1",5,2,3,4,5,5,"Weiblich","55-64","Ich besitze",9,10,1,1,60,"Zufrieden"
10215,"1",4,2,4,4,4,4,"Weiblich","65-74","Ich besitze",9,9,1,1,70,"Zufrieden"
10216,"1",4,3,3,4,2,4,"Männlich","35-44","Ich besitze",10,8,0,1,40,"Zufrieden"
10217,"1",5,1,3,4,4,5,"Weiblich","35-44","Ich besitze",7,8,1,1,40,"Zufrieden"
10218,"0",3,2,3,2,2,2,"Weiblich","25-34","Ich miete",6,8,1,0,30,"Unzufrieden"
10219,"1",4,4,3,4,4,4,"Männlich","65-74","Ich besitze",5,9,0,1,70,"Zufrieden"
10220,"1",3,4,3,4,4,4,"Weiblich","65-74","Ich besitze",9,9,1,1,70,"Zufrieden"
10221,"1",5,3,3,3,3,5,"Weiblich","55-64","Ich besitze",4,9,1,1,60,"Zufrieden"
10222,"1",3,2,5,2,5,4,"Weiblich","25-34","Ich miete",6,8,1,0,30,"Zufrieden"
10223,"1",3,4,3,3,1,3,"Männlich","25-34","Ich besitze",7,7,0,1,30,"Zufrieden"
10224,"1",3,1,3,5,3,3,"Weiblich","75+","Ich besitze",10,10,1,1,80,"Zufrieden"
10225,"1",5,3,4,5,4,5,"Weiblich","35-44","Ich miete",10,8,1,0,40,"Zufrieden"
10226,"0",3,1,3,4,4,4,"Weiblich","25-34","Ich miete",8,6,1,0,30,"Unzufrieden"
10227,"0",3,3,1,3,1,3,"Männlich","45-54","Ich besitze",10,10,0,1,50,"Unzufrieden"
10228,"0",4,2,3,3,3,3,"Männlich","35-44","Ich miete",5,6,0,0,40,"Unzufrieden"
10229,"1",5,2,3,3,4,5,"Nonbinary","35-44","Ich miete",10,7,1,0,40,"Zufrieden"
10230,"1",2,2,4,3,1,2,"Weiblich","55-64","Ich miete",6,1,1,0,60,"Zufrieden"
10231,"1",4,2,4,3,2,3,"Weiblich","25-34","Ich miete",9,8,1,0,30,"Zufrieden"
10232,"1",4,4,5,5,5,4,"Weiblich","75+","Ich besitze",9,10,1,1,80,"Zufrieden"
10233,"1",5,2,4,4,4,5,"Männlich","55-64","Ich miete",7,9,0,0,60,"Zufrieden"
10234,"1",3,1,3,4,4,2,"Weiblich","25-34","Ich miete",10,5,1,0,30,"Zufrieden"
10235,"1",5,2,5,3,5,5,"Männlich","75+","Ich miete",10,10,0,0,80,"Zufrieden"
10236,"1",5,2,3,2,3,5,"Weiblich","25-34","Ich miete",5,8,1,0,30,"Zufrieden"
10237,"0",3,1,3,3,3,3,"Weiblich","35-44","Ich miete",4,4,1,0,40,"Unzufrieden"
10238,"1",5,1,3,3,2,2,"Weiblich","25-34","Ich miete",8,6,1,0,30,"Zufrieden"
10239,"1",5,3,3,3,4,3,"Weiblich","18-24","Ich miete",10,9,1,0,20,"Zufrieden"
10240,"1",5,3,4,4,4,4,"Männlich","65-74","Ich besitze",6,8,0,1,70,"Zufrieden"
10241,"0",4,5,3,4,5,4,"Weiblich","25-34","Ich miete",8,9,1,0,30,"Unzufrieden"
10242,"1",3,1,3,3,3,2,"Weiblich","65-74","Ich besitze",4,9,1,1,70,"Zufrieden"
10243,"1",4,2,3,1,2,2,"Weiblich","25-34","Ich miete",6,8,1,0,30,"Zufrieden"
10244,"1",4,1,3,1,2,4,"Nonbinary","25-34","Ich miete",7,6,1,0,30,"Zufrieden"
10245,"0",3,3,2,5,2,3,"Weiblich","55-64","Ich besitze",7,10,1,1,60,"Unzufrieden"
10247,"0",4,2,4,3,2,4,"Männlich","45-54","Ich besitze",9,7,0,1,50,"Unzufrieden"
10248,"1",3,2,3,3,3,3,"Weiblich","45-54","Ich besitze",6,9,1,1,50,"Zufrieden"
10250,"1",5,1,3,3,2,3,"Weiblich","25-34","Ich miete",7,8,1,0,30,"Zufrieden"
10251,"0",5,2,3,4,1,5,"Männlich","45-54","Ich miete",5,3,0,0,50,"Unzufrieden"
10252,"1",4,3,3,3,3,4,"Weiblich","25-34","Ich miete",10,5,1,0,30,"Zufrieden"
10253,"1",4,2,4,3,2,3,"Weiblich","35-44","Ich besitze",7,7,1,1,40,"Zufrieden"
10254,"1",4,2,3,2,3,3,"Weiblich","25-34","Ich miete",5,8,1,0,30,"Zufrieden"
10255,"0",4,1,3,2,2,3,"Männlich","18-24","Ich miete",8,6,0,0,20,"Unzufrieden"
10256,"1",5,1,4,3,3,5,"Männlich","65-74","Ich besitze",2,8,0,1,70,"Zufrieden"
10257,"0",2,1,4,3,2,2,"Männlich","55-64","Ich miete",8,6,0,0,60,"Unzufrieden"
10258,"1",4,2,4,1,5,5,"Weiblich","25-34","Ich miete",10,8,1,0,30,"Zufrieden"
10259,"1",4,1,5,2,4,4,"Männlich","25-34","Ich miete",7,9,0,0,30,"Zufrieden"
10260,"0",3,3,2,1,3,3,"Männlich","25-34","Ich miete",9,7,0,0,30,"Unzufrieden"
10261,"0",5,1,3,3,3,4,"Weiblich","35-44","Ich miete",7,7,1,0,40,"Unzufrieden"
10262,"1",3,3,3,3,2,3,"Weiblich","45-54","Ich besitze",7,6,1,1,50,"Zufrieden"
10263,"0",4,4,3,4,1,4,"Weiblich","45-54","Ich besitze",9,9,1,1,50,"Unzufrieden"
10264,"1",4,2,3,4,3,4,"Männlich","45-54","Ich besitze",7,8,0,1,50,"Zufrieden"
10265,"1",3,1,3,2,1,4,"Weiblich","25-34","Ich besitze",1,9,1,1,30,"Zufrieden"
10266,"1",4,3,3,4,4,4,"Männlich","25-34","Ich miete",6,7,0,0,30,"Zufrieden"
10267,"0",3,2,3,3,4,3,"Weiblich","35-44","Ich miete",2,9,1,0,40,"Unzufrieden"
10268,"0",5,2,3,4,3,3,"Weiblich","35-44","Ich besitze",5,8,1,1,40,"Unzufrieden"
10269,"1",4,2,3,3,2,4,"Weiblich","55-64","Ich besitze",10,10,1,1,60,"Zufrieden"
10270,"1",4,2,3,3,4,5,"Weiblich","25-34","Ich miete",10,7,1,0,30,"Zufrieden"
10271,"1",3,2,4,3,4,2,"Weiblich","25-34","Ich miete",3,3,1,0,30,"Zufrieden"
10272,"1",4,1,4,3,4,3,"Weiblich","35-44","Ich besitze",5,9,1,1,40,"Zufrieden"
10273,"1",4,2,3,3,4,2,"Männlich","35-44","Ich besitze",6,8,0,1,40,"Zufrieden"
10274,"1",5,2,5,5,1,5,"Weiblich","55-64","Ich besitze",10,10,1,1,60,"Zufrieden"
10275,"0",5,2,3,2,2,4,"Männlich","35-44","Ich miete",7,4,0,0,40,"Unzufrieden"
10276,"1",5,1,4,5,1,3,"Weiblich","35-44","Ich miete",8,10,1,0,40,"Zufrieden"
10277,"1",2,1,5,5,4,4,"Weiblich","35-44","Ich besitze",6,8,1,1,40,"Zufrieden"
10278,"1",3,1,5,5,4,5,"Weiblich","25-34","Ich miete",10,10,1,0,30,"Zufrieden"
10279,"1",4,1,3,3,2,4,"Männlich","35-44","Ich besitze",6,9,0,1,40,"Zufrieden"
10280,"0",1,1,1,5,2,2,"Weiblich","75+",,10,2,1,0,80,"Unzufrieden"
10281,"0",4,3,3,4,3,3,"Weiblich","25-34","Ich miete",7,4,1,0,30,"Unzufrieden"
10282,"1",4,3,2,4,5,4,"Männlich","45-54","Ich besitze",8,8,0,1,50,"Zufrieden"
10283,"1",4,1,4,4,3,5,"Weiblich","55-64","Ich besitze",7,9,1,1,60,"Zufrieden"
10284,"0",3,1,3,3,1,1,"Männlich","35-44","Ich miete",3,1,0,0,40,"Unzufrieden"
10286,"0",5,3,3,3,4,4,"Männlich","35-44","Ich besitze",4,7,0,1,40,"Unzufrieden"
10287,"1",3,1,3,3,4,4,"Weiblich","18-24","Ich miete",9,9,1,0,20,"Zufrieden"
10288,"0",2,4,4,4,1,2,"Weiblich","75+","Ich besitze",2,5,1,1,80,"Unzufrieden"
10289,"0",2,2,3,3,3,3,"Männlich","45-54","Ich miete",7,9,0,0,50,"Unzufrieden"
10290,"0",5,3,2,4,1,4,"Männlich","65-74","Ich miete",1,9,0,0,70,"Unzufrieden"
10291,"1",4,3,4,5,4,4,"Männlich","55-64","Ich besitze",8,9,0,1,60,"Zufrieden"
10292,"1",3,1,3,2,1,4,"Weiblich","65-74","Ich miete",5,1,1,0,70,"Zufrieden"
10293,"1",5,1,3,3,3,4,"Weiblich","18-24","Ich miete",7,9,1,0,20,"Zufrieden"
10294,"1",5,2,3,2,2,3,"Weiblich","25-34","Ich besitze",1,8,1,1,30,"Zufrieden"
10295,"1",4,3,2,2,4,3,"Männlich","75+","Ich besitze",9,8,0,1,80,"Zufrieden"
10296,"0",5,2,5,3,2,5,"Weiblich","75+","Ich miete",2,10,1,0,80,"Unzufrieden"
10297,"0",2,1,2,1,1,4,"Männlich","35-44","Ich miete",1,5,0,0,40,"Unzufrieden"
10298,"0",3,2,3,4,2,3,"Weiblich","55-64","Ich miete",7,7,1,0,60,"Unzufrieden"
10299,"1",5,3,4,4,4,3,"Männlich","55-64","Ich besitze",9,9,0,1,60,"Zufrieden"
10300,"1",4,2,2,2,4,4,"Männlich","35-44","Ich besitze",7,9,0,1,40,"Zufrieden"
10301,"1",4,1,4,3,3,4,"Weiblich","25-34","Ich miete",8,5,1,0,30,"Zufrieden"
10302,"0",4,1,3,1,3,5,"Weiblich","25-34","Ich miete",7,3,1,0,30,"Unzufrieden"
10303,"0",5,1,4,3,3,2,"Männlich","25-34","Ich miete",10,5,0,0,30,"Unzufrieden"
10304,"1",4,3,3,3,3,3,"Weiblich","55-64","Ich besitze",8,8,1,1,60,"Zufrieden"
10305,"1",4,4,3,4,4,5,"Weiblich","25-34","Ich besitze",8,8,1,1,30,"Zufrieden"
10306,"1",5,3,3,4,4,4,"Weiblich","35-44","Ich besitze",9,9,1,1,40,"Zufrieden"
10307,"1",5,2,3,4,4,2,"Männlich","25-34","Ich miete",7,9,0,0,30,"Zufrieden"
10308,"1",4,2,3,1,1,2,"Männlich","35-44","Ich miete",3,2,0,0,40,"Zufrieden"
10310,"0",3,2,3,5,5,4,"Weiblich","75+","Ich besitze",1,8,1,1,80,"Unzufrieden"
10311,"0",5,3,3,3,2,4,"Männlich","45-54","Ich besitze",4,8,0,1,50,"Unzufrieden"
10312,"1",5,3,3,3,4,5,"Weiblich","55-64","Ich besitze",6,9,1,1,60,"Zufrieden"
10313,"1",4,1,3,2,1,3,"Männlich","35-44","Ich besitze",5,8,0,1,40,"Zufrieden"
10314,"1",5,2,3,4,3,5,"Weiblich","55-64","Ich besitze",2,8,1,1,60,"Zufrieden"
10315,"1",4,3,3,2,4,5,"Weiblich","25-34","Ich miete",7,10,1,0,30,"Zufrieden"
10316,"1",5,2,4,2,5,5,"Männlich","65-74","Ich besitze",7,10,0,1,70,"Zufrieden"
10317,"0",5,2,3,1,3,4,"Weiblich","35-44","Ich miete",8,4,1,0,40,"Unzufrieden"
10318,"1",3,3,3,3,2,3,"Weiblich","65-74","Ich miete",6,8,1,0,70,"Zufrieden"
10319,"1",5,1,3,3,3,4,"Weiblich","25-34","Ich miete",5,10,1,0,30,"Zufrieden"
10320,"0",2,5,3,3,1,4,"Männlich","45-54","Ich besitze",1,10,0,1,50,"Unzufrieden"
10321,"1",4,2,3,4,3,5,"Männlich","35-44","Ich miete",7,7,0,0,40,"Zufrieden"
10322,"1",5,2,4,4,5,5,"Männlich","65-74",,9,3,0,0,70,"Zufrieden"
10323,"0",4,4,3,3,3,4,"Männlich","65-74",,9,9,0,0,70,"Unzufrieden"
10324,"1",4,1,3,4,1,3,"Weiblich","45-54","Ich besitze",3,7,1,1,50,"Zufrieden"
10325,"1",4,2,3,2,3,4,"Weiblich","35-44","Ich besitze",6,10,1,1,40,"Zufrieden"
10326,"1",4,2,4,4,4,4,"Weiblich","45-54","Ich miete",9,9,1,0,50,"Zufrieden"
10327,"0",3,1,3,2,2,2,"Männlich","25-34","Ich miete",3,7,0,0,30,"Unzufrieden"
10328,"1",5,1,5,3,3,5,"Weiblich","65-74","Ich besitze",7,10,1,1,70,"Zufrieden"
10329,"0",3,3,3,2,2,3,"Weiblich","18-24","Ich miete",5,4,1,0,20,"Unzufrieden"
10330,"1",5,2,3,4,3,5,"Weiblich","55-64","Ich besitze",4,10,1,1,60,"Zufrieden"
10331,"0",4,1,3,3,5,4,"Männlich","18-24","Ich miete",6,8,0,0,20,"Unzufrieden"
10333,"0",3,1,3,3,1,3,"Männlich","35-44","Ich miete",3,5,0,0,40,"Unzufrieden"
10334,"1",4,2,3,2,4,3,"Männlich","25-34","Ich miete",2,8,0,0,30,"Zufrieden"
10335,"1",5,4,5,5,5,5,"Weiblich","55-64","Ich besitze",8,10,1,1,60,"Zufrieden"
10336,"0",4,1,3,4,2,4,"Männlich","25-34","Ich miete",10,8,0,0,30,"Unzufrieden"
10337,"1",4,3,4,4,4,3,"Weiblich","35-44","Ich besitze",6,7,1,1,40,"Zufrieden"
10338,"1",5,1,3,3,2,5,"Männlich","65-74","Ich besitze",5,8,0,1,70,"Zufrieden"
10339,"1",4,1,5,5,5,4,"Männlich","35-44","Ich miete",6,8,0,0,40,"Zufrieden"
10340,"1",4,3,3,3,1,5,"Weiblich","35-44","Ich besitze",2,8,1,1,40,"Zufrieden"
10341,"0",4,1,2,4,3,3,"Männlich","18-24",,6,7,0,0,20,"Unzufrieden"
10342,"1",5,4,4,4,4,5,"Männlich","35-44","Ich miete",9,9,0,0,40,"Zufrieden"
10343,"1",4,2,4,4,4,4,"Männlich","65-74","Ich besitze",8,7,0,1,70,"Zufrieden"
10344,"1",5,2,4,4,2,5,"Weiblich","55-64","Ich besitze",6,10,1,1,60,"Zufrieden"
10345,"0",4,3,3,3,4,4,"Männlich","45-54","Ich miete",6,8,0,0,50,"Unzufrieden"
10346,"0",3,2,2,4,3,2,"Weiblich","55-64","Ich besitze",10,6,1,1,60,"Unzufrieden"
10347,"1",4,2,4,3,3,5,"Weiblich","35-44","Ich miete",8,10,1,0,40,"Zufrieden"
10348,"0",2,2,3,4,1,3,"Weiblich","55-64","Ich besitze",6,9,1,1,60,"Unzufrieden"
10349,"0",4,3,4,4,4,3,"Weiblich","35-44","Ich miete",7,7,1,0,40,"Unzufrieden"
10350,"0",4,3,4,5,3,3,"Weiblich","65-74","Ich besitze",8,5,1,1,70,"Unzufrieden"
10351,"1",5,5,5,5,5,5,"Weiblich","65-74","Ich miete",1,9,1,0,70,"Zufrieden"
10352,"1",5,1,4,4,4,4,"Weiblich","75+","Ich besitze",6,9,1,1,80,"Zufrieden"
10353,"0",3,1,2,3,1,3,"Weiblich","45-54","Ich miete",3,6,1,0,50,"Unzufrieden"
10354,"0",4,2,3,3,4,4,"Männlich","35-44","Ich besitze",9,10,0,1,40,"Unzufrieden"
10355,"1",5,2,3,4,2,5,"Männlich","35-44","Ich besitze",9,10,0,1,40,"Zufrieden"
10356,"0",1,1,1,5,1,5,"Weiblich","65-74","Ich besitze",10,10,1,1,70,"Unzufrieden"
10357,"1",4,1,3,3,3,4,"Weiblich","65-74","Ich besitze",5,10,1,1,70,"Zufrieden"
10358,"1",3,4,3,4,2,2,"Weiblich","25-34","Ich besitze",9,9,1,1,30,"Zufrieden"
10359,"0",4,4,3,3,4,2,"Weiblich","55-64","Ich miete",8,3,1,0,60,"Unzufrieden"
10360,"1",5,3,4,3,3,4,"Weiblich","55-64","Ich besitze",6,9,1,1,60,"Zufrieden"
10361,"1",5,2,4,4,3,5,"Weiblich","65-74","Ich besitze",8,8,1,1,70,"Zufrieden"
10362,"0",2,1,1,5,3,1,"Männlich","65-74","Ich besitze",6,5,0,1,70,"Unzufrieden"
10363,"1",4,3,3,4,2,4,"Männlich",,,1,9,0,0,40,"Zufrieden"
10364,"1",5,2,5,3,2,4,"Weiblich","65-74","Ich besitze",9,9,1,1,70,"Zufrieden"
10365,"1",3,1,3,2,4,4,"Männlich","25-34","Ich miete",6,8,0,0,30,"Zufrieden"
10366,"1",5,2,4,4,4,3,"Weiblich","25-34","Ich besitze",8,10,1,1,30,"Zufrieden"
10367,"1",5,3,5,4,4,5,"Weiblich","55-64","Ich besitze",10,10,1,1,60,"Zufrieden"
10368,"0",5,1,3,4,3,3,"Weiblich","35-44","Ich besitze",7,6,1,1,40,"Unzufrieden"
10369,"1",5,2,4,3,3,4,"Weiblich","35-44","Ich miete",6,7,1,0,40,"Zufrieden"
10371,"1",5,5,5,5,5,5,"Weiblich","45-54","Ich miete",10,9,1,0,50,"Zufrieden"
10373,"1",5,3,1,5,1,3,"Weiblich","65-74","Ich besitze",10,10,1,1,70,"Zufrieden"
10374,"0",3,3,1,5,3,3,"Männlich","65-74","Ich besitze",5,10,0,1,70,"Unzufrieden"
10375,"0",1,1,3,5,1,1,"Weiblich","45-54","Ich besitze",10,10,1,1,50,"Unzufrieden"
10376,"0",5,5,2,5,5,5,"Weiblich","35-44","Ich miete",10,10,1,0,40,"Unzufrieden"
10377,"0",4,1,3,3,1,4,"Männlich","35-44","Ich besitze",4,5,0,1,40,"Unzufrieden"
10378,"1",5,2,3,4,5,2,"Männlich","25-34","Ich miete",5,3,0,0,30,"Zufrieden"
10379,"0",4,2,3,3,4,5,"Weiblich","45-54","Ich miete",8,5,1,0,50,"Unzufrieden"
10380,"1",4,3,3,3,3,3,"Weiblich","25-34","Ich miete",6,7,1,0,30,"Zufrieden"
10381,"0",4,1,3,3,2,5,"Weiblich","25-34","Ich miete",6,8,1,0,30,"Unzufrieden"
10382,"1",4,3,3,4,1,5,"Weiblich","35-44",,6,7,1,0,40,"Zufrieden"
10383,"1",5,4,3,5,5,2,"Weiblich","25-34",,9,8,1,0,30,"Zufrieden"
10386,"1",3,2,3,4,5,4,"Männlich","65-74","Ich miete",10,8,0,0,70,"Zufrieden"
10387,"1",4,2,4,3,3,5,"Weiblich","35-44","Ich miete",9,4,1,0,40,"Zufrieden"
10388,"1",3,2,3,4,4,5,"Weiblich","25-34","Ich miete",8,8,1,0,30,"Zufrieden"
10389,"0",3,1,4,4,4,5,,,"Ich miete",6,9,1,0,40,"Unzufrieden"
10390,"0",5,3,3,4,2,3,"Männlich","35-44","Ich miete",7,7,0,0,40,"Unzufrieden"
10391,"0",4,2,4,3,4,4,"Weiblich","65-74","Ich besitze",5,1,1,1,70,"Unzufrieden"
10392,"1",3,2,3,3,1,1,"Weiblich","65-74","Ich miete",2,9,1,0,70,"Zufrieden"
10394,"1",4,4,4,4,2,3,"Weiblich","65-74","Ich miete",8,9,1,0,70,"Zufrieden"
10395,"0",4,1,3,3,4,4,"Weiblich","65-74","Ich miete",9,2,1,0,70,"Unzufrieden"
10397,"1",5,3,4,3,4,4,"Männlich","55-64","Ich miete",8,9,0,0,60,"Zufrieden"
10398,"1",4,1,3,3,3,5,"Weiblich","55-64","Ich besitze",7,9,1,1,60,"Zufrieden"
10399,"0",4,1,3,3,4,3,"Weiblich","35-44","Ich miete",7,2,1,0,40,"Unzufrieden"
10400,"0",3,5,1,5,4,3,"Männlich",,,10,10,0,0,40,"Unzufrieden"
10401,"0",3,2,4,3,1,3,"Weiblich","65-74","Ich miete",6,7,1,0,70,"Unzufrieden"
10402,"0",4,2,3,4,2,4,"Männlich","25-34","Ich besitze",6,7,0,1,30,"Unzufrieden"
10403,"0",4,4,4,3,4,4,"Männlich","55-64","Ich besitze",6,10,0,1,60,"Unzufrieden"
10404,"1",4,2,4,4,4,4,"Weiblich","35-44","Ich besitze",6,7,1,1,40,"Zufrieden"
10405,"1",5,3,3,5,4,4,"Weiblich","65-74","Ich miete",8,1,1,0,70,"Zufrieden"
10406,"0",3,3,3,3,1,3,"Männlich","45-54","Ich besitze",6,2,0,1,50,"Unzufrieden"
10407,"1",3,2,3,3,3,3,"Weiblich",,"Ich miete",8,8,1,0,40,"Zufrieden"
10408,"1",4,1,4,3,3,3,"Weiblich","35-44","Ich besitze",7,7,1,1,40,"Zufrieden"
10409,"0",4,1,4,2,4,5,"Männlich","35-44","Ich miete",7,7,0,0,40,"Unzufrieden"
10410,"1",3,3,4,4,3,3,"Männlich",,"Ich miete",6,8,0,0,40,"Zufrieden"
10411,"0",4,2,3,3,3,4,"Weiblich","25-34","Ich miete",8,7,1,0,30,"Unzufrieden"
10412,"1",4,3,3,2,3,3,"Weiblich","18-24","Ich miete",10,10,1,0,20,"Zufrieden"
10413,"1",5,1,3,4,5,4,"Männlich","25-34","Ich miete",8,8,0,0,30,"Zufrieden"
10414,"0",3,2,4,3,5,5,"Weiblich","25-34","Ich miete",10,9,1,0,30,"Unzufrieden"
10417,"1",4,1,3,4,3,5,"Weiblich","45-54","Ich besitze",10,10,1,1,50,"Zufrieden"
10418,"1",5,4,3,4,4,5,"Weiblich","45-54","Ich miete",4,7,1,0,50,"Zufrieden"
10419,"1",5,2,3,4,5,4,"Männlich","45-54","Ich miete",9,8,0,0,50,"Zufrieden"
10420,"1",5,1,3,4,5,4,"Männlich","35-44","Ich miete",10,7,0,0,40,"Zufrieden"
10421,"1",5,2,4,4,4,3,"Männlich","25-34","Ich besitze",7,7,0,1,30,"Zufrieden"
10422,"0",4,1,3,3,3,1,"Männlich","25-34","Ich miete",1,3,0,0,30,"Unzufrieden"
10423,"1",5,3,3,3,4,4,"Weiblich","25-34","Ich miete",7,8,1,0,30,"Zufrieden"
10424,"0",2,1,3,5,4,3,"Weiblich","25-34","Ich miete",4,7,1,0,30,"Unzufrieden"
10425,"1",5,5,5,5,5,4,"Männlich","75+","Ich miete",10,10,0,0,80,"Zufrieden"
10427,"1",5,2,4,3,3,5,"Weiblich","45-54","Ich besitze",8,8,1,1,50,"Zufrieden"
10428,"1",5,2,4,3,4,4,"Weiblich","25-34","Ich besitze",8,9,1,1,30,"Zufrieden"
10429,"1",4,2,3,4,5,3,"Weiblich","18-24","Ich miete",9,9,1,0,20,"Zufrieden"
10430,"1",3,1,4,4,4,4,"Weiblich","65-74","Ich miete",8,7,1,0,70,"Zufrieden"
10432,"1",4,3,3,4,4,4,"Weiblich","65-74","Ich besitze",8,9,1,1,70,"Zufrieden"
10433,"1",5,1,5,3,3,3,"Weiblich","35-44","Ich miete",6,8,1,0,40,"Zufrieden"
10434,"1",4,1,4,1,2,4,"Männlich","45-54","Ich miete",9,5,0,0,50,"Zufrieden"
10435,"1",5,2,5,5,3,5,"Weiblich","55-64","Ich besitze",10,9,1,1,60,"Zufrieden"
10436,"0",4,1,2,5,3,4,"Männlich","45-54",,10,9,0,0,50,"Unzufrieden"
10437,"0",1,1,5,4,1,3,"Weiblich","35-44","Ich besitze",1,8,1,1,40,"Unzufrieden"
10438,"0",3,3,3,2,4,3,"Weiblich","35-44","Ich besitze",2,10,1,1,40,"Unzufrieden"
10439,"1",4,1,4,5,4,4,"Weiblich","25-34","Ich miete",6,7,1,0,30,"Zufrieden"
10440,"0",4,1,3,3,1,2,"Männlich","35-44","Ich miete",3,4,0,0,40,"Unzufrieden"
10441,"0",1,1,3,2,2,4,,"25-34","Ich miete",2,9,1,0,30,"Unzufrieden"
10442,"0",2,1,2,3,2,1,"Weiblich","25-34","Ich miete",3,1,1,0,30,"Unzufrieden"
10443,"0",3,2,1,3,4,3,"Weiblich","35-44","Ich besitze",6,9,1,1,40,"Unzufrieden"
10444,"0",1,1,5,1,5,1,"Männlich","55-64","Ich miete",10,8,0,0,60,"Unzufrieden"
10445,"1",4,1,3,4,3,5,"Weiblich","25-34","Ich miete",8,9,1,0,30,"Zufrieden"
10446,"1",5,3,5,5,2,3,"Weiblich","75+","Ich besitze",1,8,1,1,80,"Zufrieden"
10447,"0",5,1,3,3,2,4,"Weiblich","25-34","Ich miete",3,3,1,0,30,"Unzufrieden"
10448,"1",5,4,4,4,2,3,"Weiblich","25-34","Ich besitze",4,10,1,1,30,"Zufrieden"
10449,"0",4,1,4,4,4,4,"Weiblich","35-44","Ich besitze",6,10,1,1,40,"Unzufrieden"
10450,"1",5,1,3,5,4,4,"Männlich",,"Ich besitze",3,8,0,1,40,"Zufrieden"
10451,"1",5,4,3,1,4,4,"Männlich","25-34","Ich miete",9,9,0,0,30,"Zufrieden"
10452,"1",4,3,3,4,1,3,"Männlich","25-34","Ich miete",7,6,0,0,30,"Zufrieden"
10453,"1",5,3,5,5,4,4,"Weiblich","65-74","Ich besitze",8,9,1,1,70,"Zufrieden"
10454,"1",4,1,3,2,1,4,"Männlich","45-54","Ich besitze",9,5,0,1,50,"Zufrieden"
10455,"1",4,1,4,3,4,3,"Weiblich","35-44","Ich miete",7,5,1,0,40,"Zufrieden"
10456,"0",5,1,3,5,3,3,"Weiblich","35-44","Ich miete",6,6,1,0,40,"Unzufrieden"
10457,"0",5,2,3,4,4,5,"Männlich","35-44","Ich miete",3,4,0,0,40,"Unzufrieden"
10458,"1",3,2,4,5,3,4,"Weiblich","25-34","Ich miete",8,7,1,0,30,"Zufrieden"
10459,"0",4,4,3,4,3,4,"Männlich","45-54","Ich besitze",9,9,0,1,50,"Unzufrieden"
10460,"1",4,1,3,4,3,5,"Männlich","35-44","Ich miete",8,4,0,0,40,"Zufrieden"
10461,"1",4,1,3,5,5,4,"Männlich","65-74","Ich miete",4,7,0,0,70,"Zufrieden"
10462,"0",4,1,3,2,1,4,"Nonbinary","18-24","Ich miete",9,3,1,0,20,"Unzufrieden"
10464,"0",1,1,1,2,1,1,"Weiblich","55-64","Ich miete",1,2,1,0,60,"Unzufrieden"
10466,"0",3,1,3,2,1,3,"Weiblich","18-24","Ich miete",6,5,1,0,20,"Unzufrieden"
10467,"1",4,3,3,3,2,4,"Männlich","45-54","Ich besitze",8,7,0,1,50,"Zufrieden"
10468,"1",4,2,3,5,1,5,"Weiblich","55-64","Ich besitze",3,6,1,1,60,"Zufrieden"
10469,"1",4,3,3,4,3,4,"Weiblich","65-74","Ich besitze",7,8,1,1,70,"Zufrieden"
10470,"1",4,4,3,5,4,5,"Weiblich","75+","Ich besitze",8,10,1,1,80,"Zufrieden"
10471,"1",5,3,3,5,3,4,"Männlich","55-64","Ich besitze",4,10,0,1,60,"Zufrieden"
10472,"0",3,3,2,4,3,4,"Weiblich","35-44","Ich besitze",7,10,1,1,40,"Unzufrieden"
10473,"1",5,2,4,3,3,4,"Weiblich","45-54","Ich besitze",6,10,1,1,50,"Zufrieden"
10475,"0",4,4,3,3,3,4,"Männlich","65-74","Ich besitze",6,8,0,1,70,"Unzufrieden"
10476,"1",5,3,3,3,2,5,"Weiblich","25-34","Ich miete",7,10,1,0,30,"Zufrieden"
10477,"1",4,3,4,1,5,4,"Weiblich",,"Ich besitze",8,10,1,1,40,"Zufrieden"
10478,"0",3,2,3,3,3,3,"Männlich","65-74","Ich miete",6,5,0,0,70,"Unzufrieden"
10479,"0",4,1,4,5,2,3,"Männlich","25-34","Ich miete",8,8,0,0,30,"Unzufrieden"
10480,"1",4,3,4,4,3,2,"Weiblich","25-34","Ich besitze",8,10,1,1,30,"Zufrieden"
10481,"1",5,1,3,3,3,4,"Weiblich","35-44","Ich miete",7,7,1,0,40,"Zufrieden"
10482,"1",5,2,5,5,4,2,"Männlich","25-34",,7,9,0,0,30,"Zufrieden"
10483,"1",3,3,4,4,3,4,"Weiblich","55-64","Ich miete",8,7,1,0,60,"Zufrieden"
10484,"0",5,1,4,2,3,4,"Männlich","35-44","Ich miete",9,3,0,0,40,"Unzufrieden"
10485,"1",4,2,4,4,4,4,"Männlich","55-64","Ich besitze",9,9,0,1,60,"Zufrieden"
10486,"1",5,2,4,4,3,3,"Männlich","65-74","Ich besitze",7,8,0,1,70,"Zufrieden"
10487,"1",4,1,3,3,4,4,"Männlich","25-34","Ich miete",6,8,0,0,30,"Zufrieden"
10488,"1",5,4,4,5,3,5,"Weiblich","55-64","Ich miete",8,10,1,0,60,"Zufrieden"
10489,"1",4,1,5,2,5,5,"Weiblich","25-34","Ich miete",10,7,1,0,30,"Zufrieden"
10490,"1",5,3,3,3,3,4,"Weiblich","25-34","Ich miete",6,9,1,0,30,"Zufrieden"
10491,"0",4,1,3,3,2,2,"Weiblich","35-44","Ich besitze",6,7,1,1,40,"Unzufrieden"
10492,"1",5,5,5,5,3,3,"Weiblich","65-74","Ich miete",2,9,1,0,70,"Zufrieden"
10494,"0",3,1,3,5,1,3,"Weiblich","25-34","Ich miete",3,2,1,0,30,"Unzufrieden"
10495,"1",5,5,5,5,5,5,"Weiblich","25-34","Ich besitze",8,9,1,1,30,"Zufrieden"
10496,"1",4,4,3,4,4,4,"Männlich","18-24","Ich miete",9,8,0,0,20,"Zufrieden"
10497,"0",3,2,1,4,3,3,"Männlich","55-64","Ich besitze",8,8,0,1,60,"Unzufrieden"
10499,"0",1,1,2,3,1,1,"Weiblich","25-34","Ich miete",4,4,1,0,30,"Unzufrieden"
10500,"1",4,3,3,3,4,5,"Weiblich","75+",,8,8,1,0,80,"Zufrieden"
10501,"1",4,2,4,2,3,5,"Weiblich","45-54","Ich besitze",8,10,1,1,50,"Zufrieden"
10502,"1",5,1,3,3,2,4,"Weiblich","45-54","Ich besitze",4,7,1,1,50,"Zufrieden"
10503,"1",5,1,4,3,3,5,"Weiblich","65-74","Ich miete",7,8,1,0,70,"Zufrieden"
10504,"1",4,2,3,3,4,4,"Männlich","65-74",,8,3,0,0,70,"Zufrieden"
10505,"1",5,1,5,5,5,5,"Weiblich","55-64","Ich miete",1,7,1,0,60,"Zufrieden"
10506,"0",3,1,2,1,2,3,"Weiblich","25-34","Ich miete",4,2,1,0,30,"Unzufrieden"
10507,"1",5,5,4,5,2,4,"Männlich","55-64","Ich besitze",5,10,0,1,60,"Zufrieden"
10509,"0",2,1,4,2,3,4,"Weiblich","65-74","Ich miete",2,5,1,0,70,"Unzufrieden"
10510,"0",4,1,3,3,2,4,"Männlich","25-34","Ich miete",3,6,0,0,30,"Unzufrieden"
10511,"1",4,3,4,4,4,5,"Weiblich","17 oder jünger","Ich besitze",8,8,1,1,10,"Zufrieden"
10512,"0",5,1,3,2,1,1,"Weiblich","25-34","Ich miete",4,7,1,0,30,"Unzufrieden"
10513,"1",4,2,3,3,3,4,"Weiblich","35-44","Ich besitze",4,8,1,1,40,"Zufrieden"
10514,"1",4,3,3,2,3,5,"Weiblich","35-44","Ich besitze",4,8,1,1,40,"Zufrieden"
10515,"0",5,2,3,3,1,5,"Weiblich","25-34","Ich miete",4,3,1,0,30,"Unzufrieden"
10517,"1",5,2,3,3,4,5,"Weiblich","75+","Ich besitze",8,9,1,1,80,"Zufrieden"
10518,"0",5,1,3,3,3,4,"Weiblich","45-54","Ich miete",3,3,1,0,50,"Unzufrieden"
10519,"1",3,1,5,3,1,3,"Weiblich","55-64","Ich besitze",6,7,1,1,60,"Zufrieden"
10520,"1",3,1,4,3,2,4,"Männlich","45-54","Ich miete",7,9,0,0,50,"Zufrieden"
10521,"1",4,2,4,3,2,4,"Weiblich","35-44","Ich besitze",4,9,1,1,40,"Zufrieden"
10522,"0",3,2,3,2,2,4,"Weiblich","25-34","Ich besitze",2,6,1,1,30,"Unzufrieden"
10523,"1",3,2,3,4,1,3,"Männlich","25-34","Ich miete",3,8,0,0,30,"Zufrieden"
10524,"1",3,4,3,5,5,5,"Weiblich","35-44","Ich besitze",10,10,1,1,40,"Zufrieden"
10525,"1",4,3,3,4,5,5,"Weiblich","25-34","Ich miete",8,10,1,0,30,"Zufrieden"
10526,"1",1,4,4,4,4,4,"Weiblich","25-34","Ich besitze",10,8,1,1,30,"Zufrieden"
10527,"1",3,2,3,4,3,5,"Weiblich","25-34","Ich miete",7,4,1,0,30,"Zufrieden"
10528,"0",1,1,2,5,1,2,"Weiblich","75+","Ich miete",1,9,1,0,80,"Unzufrieden"
10529,"0",4,1,3,3,1,3,"Weiblich","45-54","Ich besitze",6,6,1,1,50,"Unzufrieden"
10530,"1",3,3,3,3,4,4,"Weiblich","25-34","Ich besitze",6,8,1,1,30,"Zufrieden"
10531,"1",3,2,4,4,4,2,"Weiblich","75+","Ich besitze",8,7,1,1,80,"Zufrieden"
10532,"1",4,3,3,4,4,4,"Männlich","25-34","Ich miete",10,8,0,0,30,"Zufrieden"
10533,"0",5,3,5,5,3,5,"Männlich","55-64","Ich besitze",8,9,0,1,60,"Unzufrieden"
10534,"0",3,1,1,1,2,2,"Nonbinary","25-34","Ich miete",1,2,1,0,30,"Unzufrieden"
10535,"0",5,1,3,4,2,5,"Weiblich","65-74","Ich miete",8,4,1,0,70,"Unzufrieden"
10537,"1",4,2,2,4,3,3,"Männlich","45-54","Ich besitze",9,7,0,1,50,"Zufrieden"
10538,"0",4,3,3,4,4,2,"Männlich","25-34","Ich miete",6,7,0,0,30,"Unzufrieden"
10539,"1",5,4,3,4,5,4,"Männlich","25-34","Ich miete",9,10,0,0,30,"Zufrieden"
10540,"0",5,5,5,5,5,5,"Weiblich","75+",,7,10,1,0,80,"Unzufrieden"
10541,"0",5,2,3,3,2,5,"Weiblich","35-44","Ich miete",9,7,1,0,40,"Unzufrieden"
10542,"0",5,1,2,5,4,3,"Weiblich",,"Ich besitze",7,7,1,1,40,"Unzufrieden"
10543,"0",4,1,3,1,3,4,"Weiblich","35-44","Ich miete",6,8,1,0,40,"Unzufrieden"
10544,"0",4,1,2,3,2,4,"Männlich","45-54","Ich besitze",8,4,0,1,50,"Unzufrieden"
10545,"0",4,2,3,4,4,3,"Männlich","45-54","Ich miete",7,8,0,0,50,"Unzufrieden"
10546,"0",4,4,3,4,4,2,"Weiblich","35-44","Ich besitze",8,10,1,1,40,"Unzufrieden"
10547,"1",4,2,4,2,4,4,"Weiblich","25-34","Ich miete",9,8,1,0,30,"Zufrieden"
10548,"0",5,1,3,3,3,3,"Männlich","25-34","Ich miete",6,3,0,0,30,"Unzufrieden"
10550,"0",4,2,5,5,5,3,"Weiblich","65-74","Ich miete",3,9,1,0,70,"Unzufrieden"
10551,"1",4,3,4,4,3,4,"Männlich","45-54","Ich besitze",8,9,0,1,50,"Zufrieden"
10552,"1",5,1,5,3,3,4,"Männlich","65-74","Ich besitze",2,10,0,1,70,"Zufrieden"
10553,"1",5,3,5,4,5,5,"Weiblich","35-44","Ich besitze",6,10,1,1,40,"Zufrieden"
10554,"1",5,1,3,3,2,4,"Weiblich","35-44","Ich besitze",2,8,1,1,40,"Zufrieden"
10555,"1",5,1,3,3,3,4,"Weiblich","55-64","Ich besitze",6,10,1,1,60,"Zufrieden"
10556,"0",3,1,4,5,2,2,"Weiblich","65-74","Ich miete",1,9,1,0,70,"Unzufrieden"
10557,"0",3,1,3,3,4,2,"Männlich","25-34","Ich miete",4,9,0,0,30,"Unzufrieden"
10558,"1",4,3,5,2,2,4,"Weiblich","25-34","Ich miete",4,8,1,0,30,"Zufrieden"
10559,"1",3,3,3,4,2,5,"Männlich","25-34","Ich miete",7,7,0,0,30,"Zufrieden"
10560,"0",4,2,3,4,1,4,"Weiblich","35-44","Ich miete",9,8,1,0,40,"Unzufrieden"
10561,"1",5,1,4,3,4,4,"Weiblich","75+","Ich besitze",8,9,1,1,80,"Zufrieden"
10562,"1",5,5,5,5,5,5,"Weiblich","55-64","Ich miete",10,10,1,0,60,"Zufrieden"
10563,"0",5,1,3,2,2,4,"Weiblich","25-34","Ich miete",7,5,1,0,30,"Unzufrieden"
10564,"0",5,1,3,3,2,5,"Weiblich","75+","Ich besitze",9,10,1,1,80,"Unzufrieden"
10566,"0",3,3,3,3,1,3,"Männlich","35-44","Ich besitze",7,9,0,1,40,"Unzufrieden"
10567,"1",5,1,5,5,2,3,"Männlich","55-64","Ich besitze",8,10,0,1,60,"Zufrieden"
10568,"1",4,2,3,1,3,4,"Weiblich","35-44","Ich besitze",3,7,1,1,40,"Zufrieden"
10569,"1",5,3,3,4,4,4,"Weiblich","45-54","Ich besitze",8,8,1,1,50,"Zufrieden"
10570,"1",4,2,3,3,4,5,"Männlich","55-64","Ich besitze",7,9,0,1,60,"Zufrieden"
10571,"1",5,2,3,3,4,5,"Weiblich","25-34","Ich besitze",2,7,1,1,30,"Zufrieden"
10572,"1",5,3,3,5,5,4,"Männlich","35-44","Ich besitze",10,10,0,1,40,"Zufrieden"
10573,"1",4,3,3,4,4,4,"Männlich","25-34","Ich miete",10,8,0,0,30,"Zufrieden"
10574,"1",3,4,3,3,2,4,"Weiblich","45-54","Ich besitze",5,6,1,1,50,"Zufrieden"
10575,"1",4,3,3,5,2,4,"Männlich","55-64","Ich besitze",2,10,0,1,60,"Zufrieden"
10577,"1",3,4,3,2,3,3,"Männlich","75+","Ich besitze",5,6,0,1,80,"Zufrieden"
10578,"1",4,3,5,4,3,3,"Männlich","35-44","Ich besitze",8,8,0,1,40,"Zufrieden"
10579,"1",4,2,3,3,3,4,"Weiblich","35-44","Ich miete",4,8,1,0,40,"Zufrieden"
10580,"1",4,1,3,3,2,4,"Weiblich","75+","Ich besitze",3,9,1,1,80,"Zufrieden"
10581,"0",4,3,2,5,1,1,"Männlich","55-64","Ich besitze",5,10,0,1,60,"Unzufrieden"
10582,"0",5,3,3,4,3,5,"Weiblich","45-54","Ich besitze",3,9,1,1,50,"Unzufrieden"
10583,"1",2,1,3,1,1,3,"Weiblich","25-34","Ich miete",8,8,1,0,30,"Zufrieden"
10584,"0",4,2,3,3,2,4,"Weiblich","55-64","Ich besitze",6,7,1,1,60,"Unzufrieden"
10585,"0",4,2,4,5,1,4,"Männlich","65-74","Ich besitze",9,9,0,1,70,"Unzufrieden"
10586,"1",5,2,3,3,3,4,"Weiblich","25-34","Ich besitze",8,10,1,1,30,"Zufrieden"
10587,"1",5,1,5,4,4,5,"Weiblich","65-74","Ich miete",9,10,1,0,70,"Zufrieden"
10588,"0",5,3,3,1,3,3,"Weiblich","55-64","Ich besitze",10,9,1,1,60,"Unzufrieden"
10589,"1",5,2,3,5,5,4,"Männlich","75+","Ich besitze",9,9,0,1,80,"Zufrieden"
10590,"0",5,1,4,3,3,4,"Männlich","45-54","Ich besitze",5,9,0,1,50,"Unzufrieden"
10591,"0",3,3,3,3,4,4,"Weiblich","18-24","Ich miete",8,8,1,0,20,"Unzufrieden"
10592,"0",4,2,4,4,3,4,"Weiblich","35-44","Ich miete",8,9,1,0,40,"Unzufrieden"
10593,"0",1,1,3,4,4,5,"Männlich","35-44","Ich besitze",7,7,0,1,40,"Unzufrieden"
10594,"1",5,4,4,4,4,5,"Weiblich","65-74","Ich besitze",9,8,1,1,70,"Zufrieden"
10595,"1",5,2,4,4,3,4,"Weiblich","55-64","Ich besitze",5,9,1,1,60,"Zufrieden"
10596,"0",3,1,3,3,2,3,"Männlich","55-64","Ich miete",6,6,0,0,60,"Unzufrieden"
10597,"0",3,2,3,2,2,3,"Männlich","35-44","Ich miete",3,7,0,0,40,"Unzufrieden"
10598,"0",3,1,4,2,1,3,"Weiblich","35-44","Ich besitze",3,8,1,1,40,"Unzufrieden"
10599,"0",5,5,1,4,3,3,"Weiblich","35-44","Ich besitze",1,5,1,1,40,"Unzufrieden"
10600,"0",5,5,1,4,3,3,"Männlich","35-44","Ich besitze",1,4,0,1,40,"Unzufrieden"
10601,"0",4,2,3,4,3,3,"Männlich","25-34","Ich miete",5,8,0,0,30,"Unzufrieden"
10602,"0",4,2,4,4,3,3,"Männlich","25-34","Ich miete",7,5,0,0,30,"Unzufrieden"
10603,"0",4,2,4,3,4,4,"Weiblich","35-44","Ich miete",8,8,1,0,40,"Unzufrieden"
10604,"1",5,1,3,3,4,5,"Männlich","35-44","Ich besitze",8,8,0,1,40,"Zufrieden"
10605,"0",3,2,5,2,1,3,"Weiblich","35-44","Ich miete",3,1,1,0,40,"Unzufrieden"
10606,"0",3,2,3,3,3,3,"Weiblich","35-44","Ich besitze",7,8,1,1,40,"Unzufrieden"
10607,"0",3,1,3,3,2,5,,,"Ich besitze",5,7,1,1,40,"Unzufrieden"
10608,"0",3,1,3,1,1,3,"Männlich","25-34","Ich miete",2,5,0,0,30,"Unzufrieden"
10609,"1",4,3,4,4,4,4,"Weiblich","25-34","Ich miete",9,8,1,0,30,"Zufrieden"
10611,"1",4,2,3,4,1,2,"Männlich","35-44","Ich miete",9,9,0,0,40,"Zufrieden"
10613,"1",5,3,4,3,2,5,"Weiblich","65-74","Ich besitze",8,10,1,1,70,"Zufrieden"
10614,"0",4,1,3,1,1,5,"Nonbinary","25-34","Ich miete",3,8,1,0,30,"Unzufrieden"
10615,"1",3,1,1,3,3,3,"Weiblich","35-44","Ich besitze",5,6,1,1,40,"Zufrieden"
10616,"1",5,1,3,3,3,5,"Weiblich","35-44","Ich besitze",8,10,1,1,40,"Zufrieden"
10617,"1",3,3,3,3,2,3,"Männlich","35-44","Ich besitze",1,10,0,1,40,"Zufrieden"
10618,"1",4,3,4,5,5,3,"Weiblich","25-34",,8,10,1,0,30,"Zufrieden"
10619,"1",5,2,2,5,4,4,"Weiblich","35-44","Ich besitze",2,9,1,1,40,"Zufrieden"
10620,"1",4,3,3,3,4,4,"Weiblich","35-44","Ich besitze",9,10,1,1,40,"Zufrieden"
10621,"0",3,2,3,3,3,2,"Männlich","65-74","Ich besitze",3,7,0,1,70,"Unzufrieden"
10622,"0",4,1,3,3,3,4,"Männlich","25-34","Ich miete",8,4,0,0,30,"Unzufrieden"
10623,"0",3,2,4,3,1,3,"Männlich","65-74","Ich miete",8,6,0,0,70,"Unzufrieden"
10624,"0",3,1,3,2,3,2,"Männlich","45-54","Ich besitze",8,8,0,1,50,"Unzufrieden"
10625,"1",5,3,4,3,4,5,"Weiblich","25-34","Ich miete",9,7,1,0,30,"Zufrieden"
10626,"1",3,2,3,2,4,4,"Männlich","25-34","Ich miete",8,8,0,0,30,"Zufrieden"
10627,"1",5,4,3,4,5,5,"Weiblich","35-44","Ich besitze",8,10,1,1,40,"Zufrieden"
10628,"0",3,1,4,4,1,2,"Weiblich","55-64","Ich miete",3,3,1,0,60,"Unzufrieden"
10629,"0",4,1,3,1,2,4,"Weiblich","65-74","Ich besitze",9,4,1,1,70,"Unzufrieden"
10630,"0",3,2,3,4,4,3,"Männlich","25-34","Ich miete",7,8,0,0,30,"Unzufrieden"
10631,"1",4,2,4,3,3,3,"Männlich","65-74","Ich besitze",6,4,0,1,70,"Zufrieden"
10632,"0",4,1,3,2,4,3,"Männlich","35-44","Ich besitze",8,8,0,1,40,"Unzufrieden"
10633,"0",4,1,3,2,3,3,"Männlich","25-34","Ich miete",7,7,0,0,30,"Unzufrieden"
10634,"0",5,2,4,3,3,4,"Weiblich","25-34","Ich miete",5,8,1,0,30,"Unzufrieden"
10635,"0",2,1,5,1,4,4,"Nonbinary","35-44","Ich miete",9,1,1,0,40,"Unzufrieden"
10636,"0",3,1,4,1,1,3,"Weiblich","55-64","Ich besitze",1,1,1,1,60,"Unzufrieden"
10637,"1",4,2,3,3,3,4,"Weiblich","25-34","Ich miete",7,6,1,0,30,"Zufrieden"
10638,"1",4,1,3,4,4,5,"Weiblich","25-34","Ich miete",10,8,1,0,30,"Zufrieden"
10639,"1",4,2,3,3,3,4,"Weiblich","45-54","Ich besitze",7,8,1,1,50,"Zufrieden"
10640,"1",3,1,3,3,4,2,"Weiblich","25-34","Ich miete",8,9,1,0,30,"Zufrieden"
10641,"0",4,1,5,5,3,3,"Männlich","65-74","Ich besitze",7,7,0,1,70,"Unzufrieden"
10642,"1",3,1,2,4,4,5,"Weiblich","45-54","Ich besitze",10,9,1,1,50,"Zufrieden"
10643,"0",5,1,2,5,1,5,"Männlich","65-74","Ich besitze",10,10,0,1,70,"Unzufrieden"
10644,"0",4,1,3,1,4,4,"Weiblich","45-54","Ich besitze",7,7,1,1,50,"Unzufrieden"
10645,"0",5,1,3,2,3,4,"Weiblich","35-44","Ich miete",2,9,1,0,40,"Unzufrieden"
10646,"0",3,1,3,2,4,3,"Nonbinary","25-34","Ich miete",7,7,1,0,30,"Unzufrieden"
10647,"1",5,2,4,5,1,5,"Weiblich","25-34","Ich besitze",9,10,1,1,30,"Zufrieden"
10649,"1",4,1,3,2,4,4,"Weiblich","25-34","Ich miete",8,9,1,0,30,"Zufrieden"
10650,"0",3,1,3,5,2,3,"Männlich","65-74","Ich miete",5,10,0,0,70,"Unzufrieden"
10651,"0",4,3,3,4,3,1,"Weiblich","18-24","Ich miete",9,8,1,0,20,"Unzufrieden"
10652,"1",5,3,4,4,3,4,"Weiblich","75+","Ich besitze",9,9,1,1,80,"Zufrieden"
10653,"0",5,1,3,3,1,3,"Männlich","25-34","Ich miete",1,3,0,0,30,"Unzufrieden"
10654,"1",4,2,3,5,2,4,"Männlich","25-34","Ich miete",4,5,0,0,30,"Zufrieden"
10655,"1",4,4,2,4,3,4,"Weiblich","45-54","Ich besitze",9,8,1,1,50,"Zufrieden"
10656,"0",4,1,3,3,1,4,"Weiblich","45-54","Ich besitze",5,7,1,1,50,"Unzufrieden"
10657,"0",3,2,2,5,1,3,"Weiblich","25-34","Ich besitze",7,6,1,1,30,"Unzufrieden"
10658,"0",5,2,3,3,1,3,"Weiblich","65-74","Ich besitze",4,8,1,1,70,"Unzufrieden"
10660,"1",4,2,3,4,4,3,"Männlich","25-34","Ich miete",6,6,0,0,30,"Zufrieden"
10661,"1",4,4,4,5,5,4,"Männlich","75+","Ich besitze",9,8,0,1,80,"Zufrieden"
10662,"1",5,1,3,4,1,3,"Weiblich","65-74","Ich besitze",2,9,1,1,70,"Zufrieden"
10663,"1",4,5,4,3,3,3,"Männlich","35-44","Ich miete",7,8,0,0,40,"Zufrieden"
10664,"1",3,2,3,4,2,4,"Männlich","65-74","Ich miete",8,6,0,0,70,"Zufrieden"
10665,"1",4,2,3,3,2,4,"Weiblich","25-34","Ich miete",9,8,1,0,30,"Zufrieden"
10666,"1",3,3,3,3,5,2,"Männlich","25-34","Ich miete",9,10,0,0,30,"Zufrieden"
10667,"1",1,1,5,1,5,1,"Männlich","55-64","Ich miete",10,1,0,0,60,"Zufrieden"
10668,"1",5,3,3,3,3,3,"Männlich","25-34","Ich miete",3,6,0,0,30,"Zufrieden"
10669,"1",3,2,3,3,4,4,"Weiblich","55-64","Ich miete",8,5,1,0,60,"Zufrieden"
10670,"1",5,5,5,5,3,4,"Männlich","25-34","Ich besitze",10,10,0,1,30,"Zufrieden"
10671,"0",5,1,5,5,1,1,"Männlich","45-54","Ich besitze",10,10,0,1,50,"Unzufrieden"
10672,"1",5,3,4,5,4,4,"Männlich","25-34",,9,10,0,0,30,"Zufrieden"
10673,"0",1,2,1,1,1,5,"Männlich","18-24","Ich miete",10,7,0,0,20,"Unzufrieden"
10674,"0",4,1,3,5,5,3,"Weiblich","75+","Ich besitze",8,10,1,1,80,"Unzufrieden"
10675,"0",4,2,4,4,4,3,"Weiblich","65-74","Ich besitze",9,9,1,1,70,"Unzufrieden"
10676,"0",5,3,4,2,4,5,"Weiblich","25-34","Ich miete",9,7,1,0,30,"Unzufrieden"
10677,"0",1,1,4,1,2,3,"Männlich","25-34","Ich miete",3,1,0,0,30,"Unzufrieden"
10678,"0",1,3,3,5,4,1,"Weiblich","35-44","Ich besitze",2,8,1,1,40,"Unzufrieden"
10679,"1",3,2,3,3,2,4,"Weiblich","55-64","Ich besitze",1,10,1,1,60,"Zufrieden"
10680,"1",4,2,4,3,3,5,"Männlich","25-34","Ich miete",8,10,0,0,30,"Zufrieden"
10681,"1",3,1,4,5,4,2,"Männlich",,"Ich miete",9,7,0,0,40,"Zufrieden"
10682,"0",4,1,3,1,4,4,"Weiblich","17 oder jünger","Ich besitze",7,9,1,1,10,"Unzufrieden"
10683,"1",4,3,3,3,2,3,"Weiblich","35-44","Ich miete",9,9,1,0,40,"Zufrieden"
10684,"1",5,5,5,5,5,5,"Männlich","75+","Ich besitze",10,10,0,1,80,"Zufrieden"
10685,"1",5,5,3,5,2,4,"Weiblich","75+","Ich besitze",9,10,1,1,80,"Zufrieden"
10686,"1",3,2,3,4,3,4,"Weiblich","45-54","Ich besitze",7,8,1,1,50,"Zufrieden"
10687,"1",5,1,3,4,5,5,"Männlich","65-74","Ich besitze",7,8,0,1,70,"Zufrieden"
10688,"1",5,4,3,3,3,3,"Männlich","35-44","Ich miete",8,10,0,0,40,"Zufrieden"
10689,"0",3,3,2,3,3,3,"Weiblich","45-54","Ich besitze",5,8,1,1,50,"Unzufrieden"
10690,"0",5,1,3,5,1,4,"Männlich","35-44","Ich miete",8,10,0,0,40,"Unzufrieden"
10691,"0",4,1,3,2,4,5,"Männlich","55-64","Ich besitze",4,9,0,1,60,"Unzufrieden"
10692,"1",5,2,3,4,4,4,"Männlich","25-34","Ich miete",10,8,0,0,30,"Zufrieden"
10693,"1",5,2,5,3,3,1,"Männlich","35-44","Ich besitze",5,7,0,1,40,"Zufrieden"
10694,"1",4,2,4,4,5,4,"Weiblich","25-34","Ich miete",10,8,1,0,30,"Zufrieden"
10695,"0",2,2,3,3,1,2,"Männlich","55-64","Ich besitze",5,4,0,1,60,"Unzufrieden"
10696,"1",4,2,3,4,4,5,"Weiblich","35-44","Ich miete",7,8,1,0,40,"Zufrieden"
10697,"1",5,2,5,3,3,3,"Männlich","75+","Ich miete",5,9,0,0,80,"Zufrieden"
10698,"1",3,1,4,5,4,3,"Männlich","45-54","Ich besitze",5,8,0,1,50,"Zufrieden"
10699,"0",4,1,3,3,2,1,"Weiblich",,"Ich besitze",2,10,1,1,40,"Unzufrieden"
10700,"1",5,2,5,5,1,5,"Weiblich","75+","Ich besitze",10,10,1,1,80,"Zufrieden"
10701,"0",5,5,5,5,3,1,"Weiblich","45-54","Ich miete",1,10,1,0,50,"Unzufrieden"
10702,"1",4,2,3,4,3,5,"Weiblich","35-44","Ich besitze",7,8,1,1,40,"Zufrieden"
10703,"1",4,2,3,4,4,4,"Männlich","55-64","Ich besitze",8,4,0,1,60,"Zufrieden"
10705,"0",4,2,3,1,1,3,"Männlich","45-54","Ich besitze",5,6,0,1,50,"Unzufrieden"
10706,"1",4,2,4,4,4,4,"Weiblich","75+","Ich besitze",5,7,1,1,80,"Zufrieden"
10707,"0",5,2,3,5,3,4,"Männlich","25-34","Ich miete",6,8,0,0,30,"Unzufrieden"
10708,"1",5,4,5,5,5,5,"Weiblich","45-54","Ich miete",9,10,1,0,50,"Zufrieden"
10709,"0",3,1,3,3,2,2,"Weiblich","25-34","Ich miete",4,8,1,0,30,"Unzufrieden"
10711,"0",3,1,3,3,1,1,"Männlich","35-44","Ich miete",8,3,0,0,40,"Unzufrieden"
10712,"0",3,1,2,3,1,3,"Männlich","55-64","Ich miete",1,1,0,0,60,"Unzufrieden"
10713,"1",3,2,3,3,1,4,"Weiblich","65-74","Ich besitze",4,2,1,1,70,"Zufrieden"
10714,"0",4,3,3,4,4,3,"Männlich","45-54","Ich miete",8,6,0,0,50,"Unzufrieden"
10715,"1",3,2,3,2,1,4,"Weiblich","25-34","Ich miete",5,6,1,0,30,"Zufrieden"
10716,"1",4,2,3,3,4,3,"Weiblich","25-34","Ich miete",10,7,1,0,30,"Zufrieden"
10717,"0",4,3,3,3,3,5,"Weiblich","35-44","Ich besitze",7,7,1,1,40,"Unzufrieden"
10718,"1",4,2,3,3,1,3,"Weiblich","25-34","Ich besitze",3,7,1,1,30,"Zufrieden"
10719,"1",5,3,5,5,5,3,"Männlich","75+","Ich miete",6,10,0,0,80,"Zufrieden"
10720,"1",3,3,3,4,4,3,"Männlich","35-44","Ich miete",10,10,0,0,40,"Zufrieden"
10721,"1",5,3,3,4,4,4,"Weiblich","25-34","Ich miete",9,9,1,0,30,"Zufrieden"
10722,"1",4,1,4,4,4,5,"Weiblich","55-64","Ich besitze",8,9,1,1,60,"Zufrieden"
10723,"1",4,2,4,3,4,4,"Weiblich","65-74","Ich miete",7,7,1,0,70,"Zufrieden"
10724,"0",4,3,3,4,3,3,"Männlich","75+","Ich besitze",2,9,0,1,80,"Unzufrieden"
10725,"1",5,3,3,4,2,3,"Weiblich","25-34","Ich miete",6,9,1,0,30,"Zufrieden"
10726,"0",2,2,2,2,1,2,"Männlich","65-74","Ich besitze",2,9,0,1,70,"Unzufrieden"
10727,"0",5,1,4,5,1,1,"Weiblich","55-64","Ich besitze",7,1,1,1,60,"Unzufrieden"
10728,"1",4,2,4,4,4,5,"Weiblich","75+","Ich besitze",5,9,1,1,80,"Zufrieden"
10729,"1",5,2,3,3,3,4,"Weiblich","25-34","Ich miete",7,9,1,0,30,"Zufrieden"
10730,"0",5,1,5,3,5,4,"Männlich","55-64",,6,8,0,0,60,"Unzufrieden"
10731,"0",5,2,3,4,3,4,"Männlich","35-44","Ich besitze",8,8,0,1,40,"Unzufrieden"
10732,"0",4,1,4,5,5,4,"Männlich","35-44","Ich miete",7,7,0,0,40,"Unzufrieden"
10733,"1",4,4,4,4,4,4,"Weiblich","65-74","Ich besitze",6,9,1,1,70,"Zufrieden"
10734,"1",4,3,2,4,3,3,"Weiblich","45-54","Ich besitze",6,6,1,1,50,"Zufrieden"
10735,"0",3,1,3,5,5,3,"Weiblich","65-74",,10,10,1,0,70,"Unzufrieden"
10736,"1",5,3,3,5,2,2,"Weiblich","55-64","Ich besitze",7,7,1,1,60,"Zufrieden"
10737,"0",3,5,3,2,3,2,"Weiblich","55-64","Ich miete",5,6,1,0,60,"Unzufrieden"
10738,"0",5,3,3,5,2,5,"Weiblich","65-74","Ich besitze",9,2,1,1,70,"Unzufrieden"
10740,"0",4,3,3,3,2,4,"Männlich","55-64","Ich besitze",8,9,0,1,60,"Unzufrieden"
10741,"1",5,1,4,3,4,5,"Männlich","35-44","Ich besitze",7,10,0,1,40,"Zufrieden"
10742,"0",4,2,3,3,3,4,"Weiblich","55-64","Ich miete",8,8,1,0,60,"Unzufrieden"
10743,"1",4,4,4,4,4,4,"Weiblich","75+",,1,9,1,0,80,"Zufrieden"
